Segment_ID,Source_Document,Document_Title,Document_Type,Is_Thematic,Primary_Construct,Sub_Dimension_Code,Confidence_Score,Emotional_Tone,Valence,Matched_Indicators,Verbatim_Quote
2024 Solo Female Travel Trends and Statistics.html_P001,2024 Solo Female Travel Trends and Statistics.html,2024 Solo Female Travel Trends and Statistics,blog,False,General Travel Narrative,Descriptive / Contextual,0.0371,Reflective / Neutral,Neutral,,"Every year since 2020, thousands of women take part in the annual Solo Female Travel Trends Survey, the largest, most comprehensive and only global research study on solo female travel statistics, trends, preferences and behaviors, now on its 5th consecutive year."
2024 Solo Female Travel Trends and Statistics.html_P002,2024 Solo Female Travel Trends and Statistics.html,2024 Solo Female Travel Trends and Statistics,blog,False,General Travel Narrative,Descriptive / Contextual,0.0222,Reflective / Neutral,Neutral,,"On this page, you will find the 2025 results, last updated on the 8th of March 2025, International Women’s Day."
2024 Solo Female Travel Trends and Statistics.html_P003,2024 Solo Female Travel Trends and Statistics.html,2024 Solo Female Travel Trends and Statistics,blog,False,General Travel Narrative,Descriptive / Contextual,0.0809,Reflective / Neutral,Neutral,,"Executive summary: Women are the travel industry’s driving force; They are the decision makers, they control their family’s discretionary spend, they make up the travel industry workforce, and they are increasingly traveling solo. But if positions of power continue to be occupied by men, women’s needs will remain underserved. Savvy travel companies, large and small, have identified this opportunity and launched a multitude of women-focused products like our women-only, female-focused tours. But success is still undefined, and up for grabs by those who better understand the true motivations of the female traveler. => This page offers insights into the wants, worries and experiences of women traveling solo."
2024 Solo Female Travel Trends and Statistics.html_P004,2024 Solo Female Travel Trends and Statistics.html,2024 Solo Female Travel Trends and Statistics,blog,False,General Travel Narrative,Descriptive / Contextual,0.0676,Reflective / Neutral,Neutral,,A. Why women should matter to your travel business
2024 Solo Female Travel Trends and Statistics.html_P005,2024 Solo Female Travel Trends and Statistics.html,2024 Solo Female Travel Trends and Statistics,blog,False,General Travel Narrative,Descriptive / Contextual,0.0749,Reflective / Neutral,Neutral,,The travel industry no longer questions the relevance of the female and solo female traveler.
2024 Solo Female Travel Trends and Statistics.html_P006,2024 Solo Female Travel Trends and Statistics.html,2024 Solo Female Travel Trends and Statistics,blog,False,General Travel Narrative,Descriptive / Contextual,0.0,Reflective / Neutral,Neutral,,"For the 5th consecutive year since we launched this survey, the outpouring of data and studies continue to highlight the importance of this growing segment."
2024 Solo Female Travel Trends and Statistics.html_P007,2024 Solo Female Travel Trends and Statistics.html,2024 Solo Female Travel Trends and Statistics,blog,False,General Travel Narrative,Descriptive / Contextual,0.0907,Reflective / Neutral,Neutral,,1. Women are increasingly traveling solo
2024 Solo Female Travel Trends and Statistics.html_P008,2024 Solo Female Travel Trends and Statistics.html,2024 Solo Female Travel Trends and Statistics,blog,True,Experiential Well-Being & Self-Leadership,Empowerment & Self-Efficacy,0.2262,Empowerment & Confidence,Positive,empowered,"“Feature experiences of empowered women (if you see it, you can be it).”"
2024 Solo Female Travel Trends and Statistics.html_P009,2024 Solo Female Travel Trends and Statistics.html,2024 Solo Female Travel Trends and Statistics,blog,True,Experiential Well-Being & Self-Leadership,Empowerment & Self-Efficacy,0.2262,Empowerment & Confidence,Positive,empowered,"“Feature experiences of empowered women (if you see it, you can be it).”"
2024 Solo Female Travel Trends and Statistics.html_P010,2024 Solo Female Travel Trends and Statistics.html,2024 Solo Female Travel Trends and Statistics,blog,False,General Travel Narrative,Descriptive / Contextual,0.0233,Reflective / Neutral,Neutral,,"Searches for the term “solo female travel” increased 3 fold during the 4 years preceding the beginning of the COVID 19 pandemic, recovered in 2022, and surpassed the January 2020 peak in early 2024."
2024 Solo Female Travel Trends and Statistics.html_P011,2024 Solo Female Travel Trends and Statistics.html,2024 Solo Female Travel Trends and Statistics,blog,False,General Travel Narrative,Descriptive / Contextual,0.039,Reflective / Neutral,Neutral,,Solo female travel is not a new travel style; it has slowly been growing over the last decade and is becoming mainstream.
2024 Solo Female Travel Trends and Statistics.html_P012,2024 Solo Female Travel Trends and Statistics.html,2024 Solo Female Travel Trends and Statistics,blog,False,General Travel Narrative,Descriptive / Contextual,0.0814,Reflective / Neutral,Neutral,,2. Women make most of the travel decisions
2024 Solo Female Travel Trends and Statistics.html_P013,2024 Solo Female Travel Trends and Statistics.html,2024 Solo Female Travel Trends and Statistics,blog,False,General Travel Narrative,Descriptive / Contextual,0.0292,Reflective / Neutral,Neutral,,“Invest in women travelers in a way that correlates with the statistics of how many travelers and travel decision makers are women. Make more of an effort to promote women owned and run businesses and hire more women for your own companies.”
2024 Solo Female Travel Trends and Statistics.html_P014,2024 Solo Female Travel Trends and Statistics.html,2024 Solo Female Travel Trends and Statistics,blog,False,General Travel Narrative,Descriptive / Contextual,0.0292,Reflective / Neutral,Neutral,,“Invest in women travelers in a way that correlates with the statistics of how many travelers and travel decision makers are women. Make more of an effort to promote women owned and run businesses and hire more women for your own companies.”
2024 Solo Female Travel Trends and Statistics.html_P015,2024 Solo Female Travel Trends and Statistics.html,2024 Solo Female Travel Trends and Statistics,blog,False,General Travel Narrative,Descriptive / Contextual,0.0536,Reflective / Neutral,Neutral,,"According to Skift, 82% of all travel decision are made by women and women are projected to control 75% of all discretionary income by 2028."
2024 Solo Female Travel Trends and Statistics.html_P016,2024 Solo Female Travel Trends and Statistics.html,2024 Solo Female Travel Trends and Statistics,blog,True,Perceived Safety,Objective vs. Perceived Risk Calibration,0.1404,Reflective / Neutral,Neutral,,Women are the real travel influencers.
2024 Solo Female Travel Trends and Statistics.html_P017,2024 Solo Female Travel Trends and Statistics.html,2024 Solo Female Travel Trends and Statistics,blog,True,Travel Intention & Mobility Decisions,Solo Continuation & Advocacy,0.1789,Reflective / Neutral,Neutral,,"Building trust with women offers the opportunity to connect on a deeper level with the decision maker in travel beyond the solo trip. A positive experience with a brand as a solo female traveler will open the doors to future bookings as a family, couple, group of friends or even for a business trip."
2024 Solo Female Travel Trends and Statistics.html_P018,2024 Solo Female Travel Trends and Statistics.html,2024 Solo Female Travel Trends and Statistics,blog,False,General Travel Narrative,Descriptive / Contextual,0.107,Reflective / Neutral,Neutral,,3. Women’s travel reality and needs are neglected
2024 Solo Female Travel Trends and Statistics.html_P019,2024 Solo Female Travel Trends and Statistics.html,2024 Solo Female Travel Trends and Statistics,blog,False,General Travel Narrative,Descriptive / Contextual,0.0453,Reflective / Neutral,Neutral,,“I feel like I’m always making up excuses like “I’m visiting or meeting a friend” rather than “I’m exploring this place myself” due to the safety concerns of traveling as a solo woman.”
2024 Solo Female Travel Trends and Statistics.html_P020,2024 Solo Female Travel Trends and Statistics.html,2024 Solo Female Travel Trends and Statistics,blog,False,General Travel Narrative,Descriptive / Contextual,0.0453,Reflective / Neutral,Neutral,,“I feel like I’m always making up excuses like “I’m visiting or meeting a friend” rather than “I’m exploring this place myself” due to the safety concerns of traveling as a solo woman.”
2024 Solo Female Travel Trends and Statistics.html_P021,2024 Solo Female Travel Trends and Statistics.html,2024 Solo Female Travel Trends and Statistics,blog,False,General Travel Narrative,Descriptive / Contextual,0.0483,Reflective / Neutral,Neutral,,"Women occupy the majority of jobs in the travel industry, yet they make up only a small percentage of the executive positions. The experience female and non-binary travelers have when traveling solo is distinct from the experience of their male counterparts, as described in detail in this survey."
2024 Solo Female Travel Trends and Statistics.html_P022,2024 Solo Female Travel Trends and Statistics.html,2024 Solo Female Travel Trends and Statistics,blog,False,General Travel Narrative,Descriptive / Contextual,0.0504,Reflective / Neutral,Neutral,,"Most men have never faced, or even considered, the difficulties and worries that women have to constantly deal with when they are exploring the world solo."
2024 Solo Female Travel Trends and Statistics.html_P023,2024 Solo Female Travel Trends and Statistics.html,2024 Solo Female Travel Trends and Statistics,blog,False,General Travel Narrative,Descriptive / Contextual,0.0435,Reflective / Neutral,Neutral,,"If strategy, product design and offering is left to an overwhelmingly male majority who cannot relate to the the solo female traveler challenges, the segment will continue to be neglected, and underserved."
2024 Solo Female Travel Trends and Statistics.html_P024,2024 Solo Female Travel Trends and Statistics.html,2024 Solo Female Travel Trends and Statistics,blog,True,Travel Intention & Mobility Decisions,Solo Continuation & Advocacy,0.1638,Reflective / Neutral,Neutral,,"In communication campaigns, the travel narrative focuses on couples and families and does not speak to the solo traveler, let alone the solo female traveler."
2024 Solo Female Travel Trends and Statistics.html_P025,2024 Solo Female Travel Trends and Statistics.html,2024 Solo Female Travel Trends and Statistics,blog,False,General Travel Narrative,Descriptive / Contextual,0.0231,Reflective / Neutral,Neutral,,"This presents an enormous opportunity for savvy brands and destinations to get to know us better and to offer products that understand our challenges, needs, and motivations."
2024 Solo Female Travel Trends and Statistics.html_P026,2024 Solo Female Travel Trends and Statistics.html,2024 Solo Female Travel Trends and Statistics,blog,False,General Travel Narrative,Descriptive / Contextual,0.0342,Reflective / Neutral,Neutral,,Navigation: Summary of stats I Detailed stats | Get tailored reports I Previous year’s reports
2024 Solo Female Travel Trends and Statistics.html_P027,2024 Solo Female Travel Trends and Statistics.html,2024 Solo Female Travel Trends and Statistics,blog,False,General Travel Narrative,Descriptive / Contextual,0.0417,Reflective / Neutral,Neutral,,B. Key Solo Female Travel Statistics
2024 Solo Female Travel Trends and Statistics.html_P028,2024 Solo Female Travel Trends and Statistics.html,2024 Solo Female Travel Trends and Statistics,blog,False,General Travel Narrative,Descriptive / Contextual,0.0252,Reflective / Neutral,Neutral,,Below is a summary of the top-20 statistics from the 2025 Solo Female Travel Survey. In the next section you will find the detailed analysis.
2024 Solo Female Travel Trends and Statistics.html_P029,2024 Solo Female Travel Trends and Statistics.html,2024 Solo Female Travel Trends and Statistics,blog,False,General Travel Narrative,Descriptive / Contextual,0.0,Reflective / Neutral,Neutral,,Legend: Change from 2024 results
2024 Solo Female Travel Trends and Statistics.html_P030,2024 Solo Female Travel Trends and Statistics.html,2024 Solo Female Travel Trends and Statistics,blog,False,General Travel Narrative,Descriptive / Contextual,0.0375,Reflective / Neutral,Neutral,,"1. Solo female travel is a travel style, not a lifestyle: Only 23% of respondents are exclusive solo travelers, the majority also traveled with others in the last 12 months."
2024 Solo Female Travel Trends and Statistics.html_P031,2024 Solo Female Travel Trends and Statistics.html,2024 Solo Female Travel Trends and Statistics,blog,False,General Travel Narrative,Descriptive / Contextual,0.061,Reflective / Neutral,Neutral,,"2. Interest in group travel is strong: 14% plan to travel on a women-only trip in 2025, 22% on a mixed-gender group trip. These figures have increased from 2022, 2023 and 2024."
2024 Solo Female Travel Trends and Statistics.html_P032,2024 Solo Female Travel Trends and Statistics.html,2024 Solo Female Travel Trends and Statistics,blog,True,Experiential Well-Being & Self-Leadership,Empowerment & Self-Efficacy,0.2136,Empowerment & Confidence,Positive,freedom,"3. Women travel solo because they want to: The main reasons women travel solo are: 1) Freedom and flexibility (87% ), 2) Escape from routine and responsibilities (83% ), 3) Relax, self-care and enjoy me-time (79% ), 4) Challenge themselves (74% ). This ranking holds for all age groups and has remained stable since 2020. 55% of women travel solo because they have nobody to go with."
2024 Solo Female Travel Trends and Statistics.html_P033,2024 Solo Female Travel Trends and Statistics.html,2024 Solo Female Travel Trends and Statistics,blog,True,Social Constraints,Racialized & Foreign Vulnerability,0.3717,Reflective / Neutral,Neutral,language barrier,"4. Women worry a lot when traveling solo: 1) Personal safety (66% ), 2) Higher costs vs splitting costs with a travel companion (66% ), 3) Something bad happening (37% ), 4) Language barriers (42% ), 5) Getting lost or feeling lonely (35% and 33% ). 20% worry about dining alone."
2024 Solo Female Travel Trends and Statistics.html_P034,2024 Solo Female Travel Trends and Statistics.html,2024 Solo Female Travel Trends and Statistics,blog,False,General Travel Narrative,Descriptive / Contextual,0.0841,Reflective / Neutral,Neutral,,5. Barriers to starting solo traveling: Those who have never traveled on their own worry about safety (59% ) and about higher costs (71% ). 44% do not travel solo because they wouldn’t have someone to share the experience with. 15% would feel guilty leaving loved ones behind and 11% don’t travel solo because their husband or family are against it. 11% didn’t know solo travel was an option for them. 75% would be more likely to book a solo trip if joining a women-only tour.
2024 Solo Female Travel Trends and Statistics.html_P035,2024 Solo Female Travel Trends and Statistics.html,2024 Solo Female Travel Trends and Statistics,blog,True,Perceived Safety,Subjective Security vs. Vulnerability,0.3329,Reflective / Neutral,Neutral,feel safe,"6. Experience helps feel safer: Safety worries decrease from 77% to 55% for those with more than 10 solo trips vis-a-vis those who have taken less than 5. Even though experience helps, safety remains a universal and unanimous concern for solo female travelers."
2024 Solo Female Travel Trends and Statistics.html_P036,2024 Solo Female Travel Trends and Statistics.html,2024 Solo Female Travel Trends and Statistics,blog,False,General Travel Narrative,Descriptive / Contextual,0.0717,Reflective / Neutral,Neutral,,7. Safety concerns are warranted: 21% of solo female travelers have feared for their safety in the last 12 months during a solo trip. 1% of the respondents did not manage to keep themselves safe.
2024 Solo Female Travel Trends and Statistics.html_P037,2024 Solo Female Travel Trends and Statistics.html,2024 Solo Female Travel Trends and Statistics,blog,True,Physical Constraints,Accommodation & Property Security,0.1743,Reflective / Neutral,Neutral,theft,"8. Women protect themselves with safety devices: 17% of respondents carried self-defense items when they traveled in 2024, from guns (predominantly US domestic travel) and knives to key rings, pepper spray, alarms or whistles. Airtags are increasingly used as safety devices and a means for their loved ones to track them. 37% used anti-theft bags on their trips. The older the traveler, the higher their likelihood of using one (Boomers 53% vs. Gen Z 25% )."
2024 Solo Female Travel Trends and Statistics.html_P038,2024 Solo Female Travel Trends and Statistics.html,2024 Solo Female Travel Trends and Statistics,blog,False,General Travel Narrative,Descriptive / Contextual,0.0236,Reflective / Neutral,Neutral,,"9. Insurance: On their solo trips in 2023, 55% of respondents always bought travel insurance and 47% always bought medical insurance."
2024 Solo Female Travel Trends and Statistics.html_P039,2024 Solo Female Travel Trends and Statistics.html,2024 Solo Female Travel Trends and Statistics,blog,True,Travel Intention & Mobility Decisions,Solo Continuation & Advocacy,0.1818,Reflective / Neutral,Neutral,,10. Your own country is your best first solo trip: 16% of respondents recommend one’s own country for a first solo trip.
2024 Solo Female Travel Trends and Statistics.html_P040,2024 Solo Female Travel Trends and Statistics.html,2024 Solo Female Travel Trends and Statistics,blog,False,General Travel Narrative,Descriptive / Contextual,0.0788,Reflective / Neutral,Neutral,,"11. Europe remains the Best international destination for a first solo trip: European countries (54% ) are the best destination for a first solo trip. The top countries are UK, Italy, Thailand, Spain, Japan. These are the same countries mentioned in the previous years but Japan replacing Portugal."
2024 Solo Female Travel Trends and Statistics.html_P041,2024 Solo Female Travel Trends and Statistics.html,2024 Solo Female Travel Trends and Statistics,blog,False,General Travel Narrative,Descriptive / Contextual,0.061,Reflective / Neutral,Neutral,,"12. Women traveling solo trust recommendations likeminded women & loved ones: Advice from solo female travel Facebook groups (81% ) is the most trusted, more than recommendations from friends and family (72% ) who may not have experience traveling solo, Online review sites (64% ), and Travel blogs (62% )."
2024 Solo Female Travel Trends and Statistics.html_P042,2024 Solo Female Travel Trends and Statistics.html,2024 Solo Female Travel Trends and Statistics,blog,False,General Travel Narrative,Descriptive / Contextual,0.008,Reflective / Neutral,Neutral,,"13. Least trustworthy recommendations come from: TV (48% ) and Online ads (47%), Influencers (31% ), Online and print magazines (19% ). Government travel advisories went from not trusted in previous years (hello pandemic) to trusted by 56% in 2025."
2024 Solo Female Travel Trends and Statistics.html_P043,2024 Solo Female Travel Trends and Statistics.html,2024 Solo Female Travel Trends and Statistics,blog,True,Travel Intention & Mobility Decisions,Destination Choice & Route Avoidance,0.4262,Reflective / Neutral,Neutral,bucket list,"14. Bucket list destinations: The most desired solo destinations are Japan, Australia, Iceland, Italy, Greece, and New Zealand."
2024 Solo Female Travel Trends and Statistics.html_P044,2024 Solo Female Travel Trends and Statistics.html,2024 Solo Female Travel Trends and Statistics,blog,False,General Travel Narrative,Descriptive / Contextual,0.0792,Reflective / Neutral,Neutral,,"15. Favorite city for a solo trip: London, Paris, Rome, Barcelona & Tokyo top the list for a solo trip thanks to the cultural offers, the many things to do, relative safety and ease of getting around. New York drops from the top of the list (vs 2024), Tokyo gets added."
2024 Solo Female Travel Trends and Statistics.html_P045,2024 Solo Female Travel Trends and Statistics.html,2024 Solo Female Travel Trends and Statistics,blog,True,Destination Image & Evaluation,Destination Safety Reputation,0.2849,Reflective / Neutral,Neutral,reputation,"16. Women choose destinations based on its overall appeal: Cultural attractions (77% ), Beauty of a destination (69% ), the Local cuisine (65% ), Safety of the destination (62% ), Access to nature (59% ), Good weather (57% ), Friendliness of the locals (54% ), Value for money (53% ) and the Country’s reputation (50% ) are top decision factors."
2024 Solo Female Travel Trends and Statistics.html_P046,2024 Solo Female Travel Trends and Statistics.html,2024 Solo Female Travel Trends and Statistics,blog,False,General Travel Narrative,Descriptive / Contextual,0.042,Reflective / Neutral,Neutral,,"17. Unimportant aspects when choosing a destination: Closeness to home (2%), Opportunities for Instagram shots (9% ), the way the destination handled COVID (8% ) or good shopping opportunities (12% ), are not important in 2025."
2024 Solo Female Travel Trends and Statistics.html_P047,2024 Solo Female Travel Trends and Statistics.html,2024 Solo Female Travel Trends and Statistics,blog,False,General Travel Narrative,Descriptive / Contextual,0.0606,Reflective / Neutral,Neutral,,"18. The local connection is important: 65% actively tried to meet locals during their solo trips, 59% of solo female travelers used the services of a guide at least once."
2024 Solo Female Travel Trends and Statistics.html_P048,2024 Solo Female Travel Trends and Statistics.html,2024 Solo Female Travel Trends and Statistics,blog,False,General Travel Narrative,Descriptive / Contextual,0.0586,Reflective / Neutral,Neutral,,"20. Purchase decision factors: Price drives the decisions of 56% of women when choosing a travel provider. Beyond price, 33% of women traveling solo care about a travel provider’s eco-friendliness and care for the environment, 29% care about whether a business is locally owned, and 22% values its social responsibility. 15% of women value female-owned businesses."
2024 Solo Female Travel Trends and Statistics.html_P049,2024 Solo Female Travel Trends and Statistics.html,2024 Solo Female Travel Trends and Statistics,blog,False,General Travel Narrative,Descriptive / Contextual,0.0281,Reflective / Neutral,Neutral,,Also on this page: Detailed statistics | Get tailored reports I How to better serve solo female travelers
2024 Solo Female Travel Trends and Statistics.html_P050,2024 Solo Female Travel Trends and Statistics.html,2024 Solo Female Travel Trends and Statistics,blog,False,General Travel Narrative,Descriptive / Contextual,0.0283,Reflective / Neutral,Neutral,,C. Detailed Solo Female Travel Survey Results – Analysis and Statistics
2024 Solo Female Travel Trends and Statistics.html_P051,2024 Solo Female Travel Trends and Statistics.html,2024 Solo Female Travel Trends and Statistics,blog,False,General Travel Narrative,Descriptive / Contextual,0.0249,Reflective / Neutral,Neutral,,"In this section, you will find detailed solo female travel statistics, analysis, graphs and insights. You can scroll to the bottom to find details of the methodology and the respondents."
2024 Solo Female Travel Trends and Statistics.html_P052,2024 Solo Female Travel Trends and Statistics.html,2024 Solo Female Travel Trends and Statistics,blog,False,General Travel Narrative,Descriptive / Contextual,0.0714,Reflective / Neutral,Neutral,,1. Solo is a travel style not a lifestyle
2024 Solo Female Travel Trends and Statistics.html_P053,2024 Solo Female Travel Trends and Statistics.html,2024 Solo Female Travel Trends and Statistics,blog,True,Experiential Well-Being & Self-Leadership,Empowerment & Self-Efficacy,0.1798,Empowerment & Confidence,Positive,independent,"“I wish the travel industry understood that many of us choose to travel solo because we love it—not because we’re lacking something. We’re independent travelers with money to spend, and we deserve to be treated with the same respect as any other guest.”"
2024 Solo Female Travel Trends and Statistics.html_P054,2024 Solo Female Travel Trends and Statistics.html,2024 Solo Female Travel Trends and Statistics,blog,True,Experiential Well-Being & Self-Leadership,Empowerment & Self-Efficacy,0.1798,Empowerment & Confidence,Positive,independent,"“I wish the travel industry understood that many of us choose to travel solo because we love it—not because we’re lacking something. We’re independent travelers with money to spend, and we deserve to be treated with the same respect as any other guest.”"
2024 Solo Female Travel Trends and Statistics.html_P055,2024 Solo Female Travel Trends and Statistics.html,2024 Solo Female Travel Trends and Statistics,blog,False,General Travel Narrative,Descriptive / Contextual,0.0913,Reflective / Neutral,Neutral,,"Solo travel isn’t a lifestyle, it’s a travel style. If women want to go somewhere friends and family can’t or won’t go to, they simply go by themselves. They understand the benefits solo travel brings and are not waiting for others to reap them."
2024 Solo Female Travel Trends and Statistics.html_P056,2024 Solo Female Travel Trends and Statistics.html,2024 Solo Female Travel Trends and Statistics,blog,False,General Travel Narrative,Descriptive / Contextual,0.0854,Reflective / Neutral,Neutral,,Social media influencers on Instagram and TikTok have greatly contributed to bringing awareness to solo travel as an option and dispelling various travel myths that have historically been a barrier.
2024 Solo Female Travel Trends and Statistics.html_P057,2024 Solo Female Travel Trends and Statistics.html,2024 Solo Female Travel Trends and Statistics,blog,False,General Travel Narrative,Descriptive / Contextual,0.0982,Reflective / Neutral,Neutral,,"Just 23% of respondents only traveled solo in 2024, down from 28% in 2023; the majority of women who travel solo also travel with others."
2024 Solo Female Travel Trends and Statistics.html_P058,2024 Solo Female Travel Trends and Statistics.html,2024 Solo Female Travel Trends and Statistics,blog,False,General Travel Narrative,Descriptive / Contextual,0.056,Reflective / Neutral,Neutral,,"Boomers and childfree / single Gen X are particularly keen on solo travel. Childfree Gen X, want to continue traveling despite their social circle having shrunk. Boomers who may have just divorced, become empty nesters or retired are more aware than ever of the decreasing available time and physical stamina."
2024 Solo Female Travel Trends and Statistics.html_P059,2024 Solo Female Travel Trends and Statistics.html,2024 Solo Female Travel Trends and Statistics,blog,False,General Travel Narrative,Descriptive / Contextual,0.0224,Reflective / Neutral,Neutral,,2. Interest in group travel continues to grow
2024 Solo Female Travel Trends and Statistics.html_P060,2024 Solo Female Travel Trends and Statistics.html,2024 Solo Female Travel Trends and Statistics,blog,True,Experiential Well-Being & Self-Leadership,Empowerment & Self-Efficacy,0.1665,Reflective / Neutral,Neutral,transformative,"“What a transformative experience. I spent New Years Eve 2024 / 25 with the group in Oaxaca. Oaxaca itself is absolutely amazing, but with this group we had all the inside access to local, women-owned, craft markets with so much contextual insights and delightful people. From the markets, the archeological sites, weavers, carvers, cooks, pottery, mezcal – I feel like I got to see so much of what the community is made of. And then it’s all the little details – everything was on time, comfortable, I don’t eat meat and they always took care of me. The women who joined on the tour were varying ages, but each one had the same intention of supporting women owned businesses and a desire to learn more about the Zapotec community. I’ve now made new friends!” – Traveler on Oaxaca women-only tour"
2024 Solo Female Travel Trends and Statistics.html_P061,2024 Solo Female Travel Trends and Statistics.html,2024 Solo Female Travel Trends and Statistics,blog,True,Experiential Well-Being & Self-Leadership,Empowerment & Self-Efficacy,0.1665,Reflective / Neutral,Neutral,transformative,"“What a transformative experience. I spent New Years Eve 2024 / 25 with the group in Oaxaca. Oaxaca itself is absolutely amazing, but with this group we had all the inside access to local, women-owned, craft markets with so much contextual insights and delightful people. From the markets, the archeological sites, weavers, carvers, cooks, pottery, mezcal – I feel like I got to see so much of what the community is made of. And then it’s all the little details – everything was on time, comfortable, I don’t eat meat and they always took care of me. The women who joined on the tour were varying ages, but each one had the same intention of supporting women owned businesses and a desire to learn more about the Zapotec community. I’ve now made new friends!” – Traveler on Oaxaca women-only tour"
2024 Solo Female Travel Trends and Statistics.html_P062,2024 Solo Female Travel Trends and Statistics.html,2024 Solo Female Travel Trends and Statistics,blog,False,General Travel Narrative,Descriptive / Contextual,0.0455,Reflective / Neutral,Neutral,,"Group travel, both in gendered women-only groups and co-ed versions, continues to rise as more solo travelers try out this style."
2024 Solo Female Travel Trends and Statistics.html_P063,2024 Solo Female Travel Trends and Statistics.html,2024 Solo Female Travel Trends and Statistics,blog,False,General Travel Narrative,Descriptive / Contextual,0.0411,Reflective / Neutral,Neutral,,"Groups provide a safe, convenient and fun setting for beginner solo travelers and more experienced ones to explore the world, meet new people and have their travel dreams come true without the need to plan anything themselves."
2024 Solo Female Travel Trends and Statistics.html_P064,2024 Solo Female Travel Trends and Statistics.html,2024 Solo Female Travel Trends and Statistics,blog,False,General Travel Narrative,Descriptive / Contextual,0.0479,Reflective / Neutral,Neutral,,"36% traveled solo on a small group trip in the last year and 36% , said they would do so in the next 12 months, either mixed or women-only."
2024 Solo Female Travel Trends and Statistics.html_P065,2024 Solo Female Travel Trends and Statistics.html,2024 Solo Female Travel Trends and Statistics,blog,False,General Travel Narrative,Descriptive / Contextual,0.0592,Reflective / Neutral,Neutral,,8% joined a small group trip with girlfriends; Group travel is also a great way to outsource planning when traveling with others.
2024 Solo Female Travel Trends and Statistics.html_P066,2024 Solo Female Travel Trends and Statistics.html,2024 Solo Female Travel Trends and Statistics,blog,False,General Travel Narrative,Descriptive / Contextual,0.0214,Reflective / Neutral,Neutral,,15% are not interested in group travel while 48% are undecided.
2024 Solo Female Travel Trends and Statistics.html_P067,2024 Solo Female Travel Trends and Statistics.html,2024 Solo Female Travel Trends and Statistics,blog,False,General Travel Narrative,Descriptive / Contextual,0.057,Reflective / Neutral,Neutral,,"75% Women who have never traveled solo before would be more likely to do so on a group tour; 51% would choose a women-only tour, 6% on a mixed gender group and 24% on either."
2024 Solo Female Travel Trends and Statistics.html_P068,2024 Solo Female Travel Trends and Statistics.html,2024 Solo Female Travel Trends and Statistics,blog,False,General Travel Narrative,Descriptive / Contextual,0.1159,Reflective / Neutral,Neutral,,3. Women travel solo because they want to
2024 Solo Female Travel Trends and Statistics.html_P069,2024 Solo Female Travel Trends and Statistics.html,2024 Solo Female Travel Trends and Statistics,blog,False,General Travel Narrative,Descriptive / Contextual,0.0254,Reflective / Neutral,Neutral,,"“I wish that travel ‘professionals’ in some countries would stop asking about my husband (I don’t have one) and if he’s ok with me travelling without him. This question is asked so often, and as much as I try not to let it bother me, it does. Not for the fact I’m not married, but the expectation I need someone’s permission to be travelling.”"
2024 Solo Female Travel Trends and Statistics.html_P070,2024 Solo Female Travel Trends and Statistics.html,2024 Solo Female Travel Trends and Statistics,blog,False,General Travel Narrative,Descriptive / Contextual,0.0254,Reflective / Neutral,Neutral,,"“I wish that travel ‘professionals’ in some countries would stop asking about my husband (I don’t have one) and if he’s ok with me travelling without him. This question is asked so often, and as much as I try not to let it bother me, it does. Not for the fact I’m not married, but the expectation I need someone’s permission to be travelling.”"
2024 Solo Female Travel Trends and Statistics.html_P071,2024 Solo Female Travel Trends and Statistics.html,2024 Solo Female Travel Trends and Statistics,blog,True,Experiential Well-Being & Self-Leadership,Empowerment & Self-Efficacy,0.1899,Reflective / Neutral,Neutral,growth,"Stereotypes and misconceptions about why women travel solo persist despite recent growth. Without understanding that most solo female travelers choose this travel style, the travel industry (and society) continues to fail to tap into this segment."
2024 Solo Female Travel Trends and Statistics.html_P072,2024 Solo Female Travel Trends and Statistics.html,2024 Solo Female Travel Trends and Statistics,blog,False,General Travel Narrative,Descriptive / Contextual,0.0692,Reflective / Neutral,Neutral,,"No partner, no problem! 55% travel solo because they have nobody to travel with and aren’t waiting on others. 45% choose to travel solo."
2024 Solo Female Travel Trends and Statistics.html_P073,2024 Solo Female Travel Trends and Statistics.html,2024 Solo Female Travel Trends and Statistics,blog,False,General Travel Narrative,Descriptive / Contextual,0.0127,Reflective / Neutral,Neutral,,"The top 3 reasons are related to women putting themselves first: 87% cite the flexibility it affords not having to compromise, 83% are getting away from routine and day to day responsibilities and 79% are looking to relax and pamper themselves, without having to take care of the needs of others."
2024 Solo Female Travel Trends and Statistics.html_P074,2024 Solo Female Travel Trends and Statistics.html,2024 Solo Female Travel Trends and Statistics,blog,False,General Travel Narrative,Descriptive / Contextual,0.0578,Reflective / Neutral,Neutral,,"74% of respondents seek to challenge themselves, a key benefit of solo travel. 58% look for self-improvement."
2024 Solo Female Travel Trends and Statistics.html_P075,2024 Solo Female Travel Trends and Statistics.html,2024 Solo Female Travel Trends and Statistics,blog,False,General Travel Narrative,Descriptive / Contextual,0.0533,Reflective / Neutral,Neutral,,66% travel to connect with locals and 61% to meet people. Dating when traveling is a common topic of conversation in our online community and dating apps are a great way to meet people of the same or opposite gender.
2024 Solo Female Travel Trends and Statistics.html_P076,2024 Solo Female Travel Trends and Statistics.html,2024 Solo Female Travel Trends and Statistics,blog,False,General Travel Narrative,Descriptive / Contextual,0.0271,Reflective / Neutral,Neutral,,"36% travel solo to reset and heal from a major life transition such as divorce, the loss of a loved one, a major illness, becoming an empty nester, etc."
2024 Solo Female Travel Trends and Statistics.html_P077,2024 Solo Female Travel Trends and Statistics.html,2024 Solo Female Travel Trends and Statistics,blog,False,General Travel Narrative,Descriptive / Contextual,0.0521,Reflective / Neutral,Neutral,,"For those who have no-one but prefer a travel buddy, small group trips of likeminded women, online communities, various travel apps and other channels have exploded to connecting travelers with locals or other travelers heading in the same direction."
2024 Solo Female Travel Trends and Statistics.html_P078,2024 Solo Female Travel Trends and Statistics.html,2024 Solo Female Travel Trends and Statistics,blog,False,General Travel Narrative,Descriptive / Contextual,0.0214,Reflective / Neutral,Neutral,,"4. Safety worries 66%, a consistent figure since 2020"
2024 Solo Female Travel Trends and Statistics.html_P079,2024 Solo Female Travel Trends and Statistics.html,2024 Solo Female Travel Trends and Statistics,blog,False,General Travel Narrative,Descriptive / Contextual,0.0489,Reflective / Neutral,Neutral,,“Expand understanding of safety beyond what is common (physical). It’s important to truly understand the complexity of psychological safety.”
2024 Solo Female Travel Trends and Statistics.html_P080,2024 Solo Female Travel Trends and Statistics.html,2024 Solo Female Travel Trends and Statistics,blog,False,General Travel Narrative,Descriptive / Contextual,0.0489,Reflective / Neutral,Neutral,,“Expand understanding of safety beyond what is common (physical). It’s important to truly understand the complexity of psychological safety.”
2024 Solo Female Travel Trends and Statistics.html_P081,2024 Solo Female Travel Trends and Statistics.html,2024 Solo Female Travel Trends and Statistics,blog,False,General Travel Narrative,Descriptive / Contextual,0.094,Reflective / Neutral,Neutral,,Fears related to COVID have now disappeared and given way to the rest of the structural worries of women traveling solo which are unique to the female experience and limit what women do when they travel solo.
2024 Solo Female Travel Trends and Statistics.html_P082,2024 Solo Female Travel Trends and Statistics.html,2024 Solo Female Travel Trends and Statistics,blog,False,General Travel Narrative,Descriptive / Contextual,0.051,Reflective / Neutral,Neutral,,“I miss out on the nightlife of my destinations because I’m not comfortable going out after dark on my own.”
2024 Solo Female Travel Trends and Statistics.html_P083,2024 Solo Female Travel Trends and Statistics.html,2024 Solo Female Travel Trends and Statistics,blog,False,General Travel Narrative,Descriptive / Contextual,0.051,Reflective / Neutral,Neutral,,“I miss out on the nightlife of my destinations because I’m not comfortable going out after dark on my own.”
2024 Solo Female Travel Trends and Statistics.html_P084,2024 Solo Female Travel Trends and Statistics.html,2024 Solo Female Travel Trends and Statistics,blog,False,General Travel Narrative,Descriptive / Contextual,0.0404,Reflective / Neutral,Neutral,,"66% worry about safety when traveling solo, down from 70% in the 2024 edition but within the average of the last 5 years."
2024 Solo Female Travel Trends and Statistics.html_P085,2024 Solo Female Travel Trends and Statistics.html,2024 Solo Female Travel Trends and Statistics,blog,False,General Travel Narrative,Descriptive / Contextual,0.0393,Reflective / Neutral,Neutral,,Experience solo traveling reduces the safety concern. 77% of travelers with fewer than 6 solo trips worry about safety vs. 55% of those who have traveled solo more than 10 times.
2024 Solo Female Travel Trends and Statistics.html_P086,2024 Solo Female Travel Trends and Statistics.html,2024 Solo Female Travel Trends and Statistics,blog,False,General Travel Narrative,Descriptive / Contextual,0.0397,Reflective / Neutral,Neutral,,"Beyond safety, solo female travelers most worry about the higher costs of traveling solo (66% ) due to the lack of a travel partner to share costs with. Travel saving hacks and free accommodation options via work exchanges, home swaps and alike are fast growing in popularity."
2024 Solo Female Travel Trends and Statistics.html_P087,2024 Solo Female Travel Trends and Statistics.html,2024 Solo Female Travel Trends and Statistics,blog,True,Social Constraints,Racialized & Foreign Vulnerability,0.4029,Vulnerability & Fear,Negative,"fear, language barrier","Language barriers (42% ) which can be alleviated by learning the basics through language apps or the fear of feeling lonely (33% ) are some other worries of solo travelers. Going to a restaurant, a bar or a concert alone continues to come up as a frequently asked question in our online community."
2024 Solo Female Travel Trends and Statistics.html_P088,2024 Solo Female Travel Trends and Statistics.html,2024 Solo Female Travel Trends and Statistics,blog,False,General Travel Narrative,Descriptive / Contextual,0.1178,Reflective / Neutral,Neutral,,5. 1% were the victim of a crime when traveling solo
2024 Solo Female Travel Trends and Statistics.html_P089,2024 Solo Female Travel Trends and Statistics.html,2024 Solo Female Travel Trends and Statistics,blog,False,General Travel Narrative,Descriptive / Contextual,0.0481,Reflective / Neutral,Neutral,,“I stayed in a hostel before where they had a number printed on the wall in your bunk to message incase of any problems through the night. I didn’t need to use it but I thought it was a good idea and it’s nice to know you can easily get hold of someone if you needed to.”
2024 Solo Female Travel Trends and Statistics.html_P090,2024 Solo Female Travel Trends and Statistics.html,2024 Solo Female Travel Trends and Statistics,blog,False,General Travel Narrative,Descriptive / Contextual,0.0481,Reflective / Neutral,Neutral,,“I stayed in a hostel before where they had a number printed on the wall in your bunk to message incase of any problems through the night. I didn’t need to use it but I thought it was a good idea and it’s nice to know you can easily get hold of someone if you needed to.”
2024 Solo Female Travel Trends and Statistics.html_P091,2024 Solo Female Travel Trends and Statistics.html,2024 Solo Female Travel Trends and Statistics,blog,True,Social Constraints,Racialized & Foreign Vulnerability,0.5104,Vulnerability & Fear,Negative,easy target,Women’s fears when traveling solo are founded in the reality that solo female travelers are more vulnerable to crime than other groups and are often seen as an easy target to opportunistic criminals.
2024 Solo Female Travel Trends and Statistics.html_P092,2024 Solo Female Travel Trends and Statistics.html,2024 Solo Female Travel Trends and Statistics,blog,False,General Travel Narrative,Descriptive / Contextual,0.0851,Vulnerability & Fear,Negative,,"While 66% worry about their safety prior or during a solo trip, 25% said they found themselves in a dangerous situation while traveling solo. 1% of total respondents indicated they did not manage to keep themselves safe."
2024 Solo Female Travel Trends and Statistics.html_P093,2024 Solo Female Travel Trends and Statistics.html,2024 Solo Female Travel Trends and Statistics,blog,True,Physical Constraints,Accommodation & Property Security,0.2081,Reflective / Neutral,Neutral,stolen,"Most women who were the victim of a crime during a solo trip had their belongings stolen (wallet, cash, phone), were scammed or sexually assaulted*."
2024 Solo Female Travel Trends and Statistics.html_P094,2024 Solo Female Travel Trends and Statistics.html,2024 Solo Female Travel Trends and Statistics,blog,False,General Travel Narrative,Descriptive / Contextual,0.0,Reflective / Neutral,Neutral,,*Limited responses were recorded on the details of the crime committed.
2024 Solo Female Travel Trends and Statistics.html_P095,2024 Solo Female Travel Trends and Statistics.html,2024 Solo Female Travel Trends and Statistics,blog,False,General Travel Narrative,Descriptive / Contextual,0.0273,Reflective / Neutral,Neutral,,6. Small group trips are the stepping stone for inexperienced travelers
2024 Solo Female Travel Trends and Statistics.html_P096,2024 Solo Female Travel Trends and Statistics.html,2024 Solo Female Travel Trends and Statistics,blog,True,Experiential Well-Being & Self-Leadership,Empowerment & Self-Efficacy,0.1795,Empowerment & Confidence,Positive,confidence,"“Maybe if there a certified accommodation or transportation designed for solo female travelers, more families will be more at ease in letting female family members to travel. Females will feel more confidence knowing that there’s support system out there. Some females grow up with conservative family or tie to norms or traditions; to travel by themselves would be the biggest transition in life.”"
2024 Solo Female Travel Trends and Statistics.html_P097,2024 Solo Female Travel Trends and Statistics.html,2024 Solo Female Travel Trends and Statistics,blog,True,Experiential Well-Being & Self-Leadership,Empowerment & Self-Efficacy,0.1795,Empowerment & Confidence,Positive,confidence,"“Maybe if there a certified accommodation or transportation designed for solo female travelers, more families will be more at ease in letting female family members to travel. Females will feel more confidence knowing that there’s support system out there. Some females grow up with conservative family or tie to norms or traditions; to travel by themselves would be the biggest transition in life.”"
2024 Solo Female Travel Trends and Statistics.html_P098,2024 Solo Female Travel Trends and Statistics.html,2024 Solo Female Travel Trends and Statistics,blog,False,General Travel Narrative,Descriptive / Contextual,0.084,Reflective / Neutral,Neutral,,"In order to complement our research, we also drew a sample of 1,100 responses from women who have yet to travel solo, and asked what is stopping them."
2024 Solo Female Travel Trends and Statistics.html_P099,2024 Solo Female Travel Trends and Statistics.html,2024 Solo Female Travel Trends and Statistics,blog,False,General Travel Narrative,Descriptive / Contextual,0.0691,Reflective / Neutral,Neutral,,"71% of women who haven’t traveled solo yet said they can’t afford the higher price, this is the number one reason this year for the first time. Safety drops to no.2 position and is mentioned as a barrier to solo travel by 59% ."
2024 Solo Female Travel Trends and Statistics.html_P100,2024 Solo Female Travel Trends and Statistics.html,2024 Solo Female Travel Trends and Statistics,blog,True,Social Constraints,Racialized & Foreign Vulnerability,0.3951,Reflective / Neutral,Neutral,language barrier,"There are a variety of other reasons: 49% worry about getting lost, 44% not having someone to share the experience with, 43% having to plan everything on their own and 41% about language barriers. 38% ."
2024 Solo Female Travel Trends and Statistics.html_P101,2024 Solo Female Travel Trends and Statistics.html,2024 Solo Female Travel Trends and Statistics,blog,True,Social Constraints,Familial Anxiety & Societal Judgment,0.1272,Calculated Caution & Vigilance,Protective,,"Society’s expectations on women also prevent them from traveling solo; 11% said their partner is against them traveling alone, 15% indicated they would feel guilty leaving their family or husband behind. 6% said their community is against it."
2024 Solo Female Travel Trends and Statistics.html_P102,2024 Solo Female Travel Trends and Statistics.html,2024 Solo Female Travel Trends and Statistics,blog,False,General Travel Narrative,Descriptive / Contextual,0.0546,Reflective / Neutral,Neutral,,75% of women who have never traveled solo would be more likely to do so in a small group trip. 11% didn’t consider it a travel option.
2024 Solo Female Travel Trends and Statistics.html_P103,2024 Solo Female Travel Trends and Statistics.html,2024 Solo Female Travel Trends and Statistics,blog,True,Physical Constraints,Accommodation & Property Security,0.2113,Reflective / Neutral,Neutral,theft,"7. Safety kit: personal defense tools, insurance, local guides and anti-theft bags"
2024 Solo Female Travel Trends and Statistics.html_P104,2024 Solo Female Travel Trends and Statistics.html,2024 Solo Female Travel Trends and Statistics,blog,True,Constraint Negotiation & Coping Strategies,Digital & Communication Tactics,0.3992,Vulnerability & Fear,Negative,sim card,“I always get a SIM card so I have internet and if anyone makes me feel threatened I used my voice a lot (shouting works very well in many countries especially for a woman !)”
2024 Solo Female Travel Trends and Statistics.html_P105,2024 Solo Female Travel Trends and Statistics.html,2024 Solo Female Travel Trends and Statistics,blog,True,Constraint Negotiation & Coping Strategies,Digital & Communication Tactics,0.3992,Vulnerability & Fear,Negative,sim card,“I always get a SIM card so I have internet and if anyone makes me feel threatened I used my voice a lot (shouting works very well in many countries especially for a woman !)”
2024 Solo Female Travel Trends and Statistics.html_P106,2024 Solo Female Travel Trends and Statistics.html,2024 Solo Female Travel Trends and Statistics,blog,False,General Travel Narrative,Descriptive / Contextual,0.0873,Reflective / Neutral,Neutral,,Women use a variety of strategies and measures to improve their safety.
2024 Solo Female Travel Trends and Statistics.html_P107,2024 Solo Female Travel Trends and Statistics.html,2024 Solo Female Travel Trends and Statistics,blog,True,Constraint Negotiation & Coping Strategies,Digital & Communication Tactics,0.3606,Calculated Caution & Vigilance,Protective,"safety app, authorities","Self-defense tools have proliferated and range from travel pepper spray cans that can be clipped to a backpack strap to personal alarms, from safety apps with SOS buttons that alert the authorities in case of an emergency to the simple Airtags, the latest lightweight safety hack."
2024 Solo Female Travel Trends and Statistics.html_P108,2024 Solo Female Travel Trends and Statistics.html,2024 Solo Female Travel Trends and Statistics,blog,True,Physical Constraints,Accommodation & Property Security,0.1879,Reflective / Neutral,Neutral,theft,"Anti-theft bags continue to be the best way for travelers to protect their belongings, especially in popular European cities."
2024 Solo Female Travel Trends and Statistics.html_P109,2024 Solo Female Travel Trends and Statistics.html,2024 Solo Female Travel Trends and Statistics,blog,False,General Travel Narrative,Descriptive / Contextual,0.0439,Reflective / Neutral,Neutral,,Insurance is a must for solo female travelers: 83% buy health insurance and 76% purchases travel insurance before a trip. Boomers are more prudent than Gen Z.
2024 Solo Female Travel Trends and Statistics.html_P110,2024 Solo Female Travel Trends and Statistics.html,2024 Solo Female Travel Trends and Statistics,blog,False,General Travel Narrative,Descriptive / Contextual,0.0426,Reflective / Neutral,Neutral,,"6% of respondents carry regulated safety devices such as pepper spray, guns (predominantly US domestic travel) or knives on largely domestic flights or road trips. Legal alternatives to pepper spray such as mosquito repellent or hair spray, are commonly mentioned."
2024 Solo Female Travel Trends and Statistics.html_P111,2024 Solo Female Travel Trends and Statistics.html,2024 Solo Female Travel Trends and Statistics,blog,True,Physical Constraints,Accommodation & Property Security,0.8287,Reflective / Neutral,Neutral,"hotel door, door lock","14% carry legal items such as personal alarms, whistles, hotel door locks / alarm, etc."
2024 Solo Female Travel Trends and Statistics.html_P112,2024 Solo Female Travel Trends and Statistics.html,2024 Solo Female Travel Trends and Statistics,blog,True,Physical Constraints,Accommodation & Property Security,0.1843,Calculated Caution & Vigilance,Protective,theft,"Boomers are the most cautious: They use anti-theft bags more often, almost always buy travel and health insurance and are more likely to carry other safety devices, book local guides and generally plan more extensively."
2024 Solo Female Travel Trends and Statistics.html_P113,2024 Solo Female Travel Trends and Statistics.html,2024 Solo Female Travel Trends and Statistics,blog,True,Destination Image & Evaluation,Destination Safety Reputation,0.1686,Reflective / Neutral,Neutral,,8. The ideal first-time destination is your own country or Europe
2024 Solo Female Travel Trends and Statistics.html_P114,2024 Solo Female Travel Trends and Statistics.html,2024 Solo Female Travel Trends and Statistics,blog,False,General Travel Narrative,Descriptive / Contextual,0.0424,Reflective / Neutral,Neutral,,"“Start slow, in your own country, so you know what to expect, speak the language and do not have to take so many decisions every about the small things”"
2024 Solo Female Travel Trends and Statistics.html_P115,2024 Solo Female Travel Trends and Statistics.html,2024 Solo Female Travel Trends and Statistics,blog,False,General Travel Narrative,Descriptive / Contextual,0.0424,Reflective / Neutral,Neutral,,"“Start slow, in your own country, so you know what to expect, speak the language and do not have to take so many decisions every about the small things”"
2024 Solo Female Travel Trends and Statistics.html_P116,2024 Solo Female Travel Trends and Statistics.html,2024 Solo Female Travel Trends and Statistics,blog,False,General Travel Narrative,Descriptive / Contextual,0.0989,Reflective / Neutral,Neutral,,"When concerned about the risks of a solo trip, the unanimous recommendation is to start within your own country."
2024 Solo Female Travel Trends and Statistics.html_P117,2024 Solo Female Travel Trends and Statistics.html,2024 Solo Female Travel Trends and Statistics,blog,False,General Travel Narrative,Descriptive / Contextual,0.0693,Reflective / Neutral,Neutral,,"When it comes to international travel, the top-5 best destinations for a first solo trip remain largely unchanged year after year, and include popular countries with lots of visitors, great tourism infrastructure, lots of things to do and see to satisfy every type of traveler, and a great feeling of safety."
2024 Solo Female Travel Trends and Statistics.html_P118,2024 Solo Female Travel Trends and Statistics.html,2024 Solo Female Travel Trends and Statistics,blog,True,Travel Intention & Mobility Decisions,Solo Continuation & Advocacy,0.1432,Reflective / Neutral,Neutral,,"16% recommend the traveler’s country of origin as the best destination for a first time solo trip. The culture shock is lower (same country, language, similar culture and traditions, etc.), thus reducing a lot of the uncertainty."
2024 Solo Female Travel Trends and Statistics.html_P119,2024 Solo Female Travel Trends and Statistics.html,2024 Solo Female Travel Trends and Statistics,blog,True,Travel Intention & Mobility Decisions,Solo Continuation & Advocacy,0.2104,Reflective / Neutral,Neutral,,"54% recommend Europe for a first solo trip as a woman. It’s easy to get around, it has something for everyone and it is safe."
2024 Solo Female Travel Trends and Statistics.html_P120,2024 Solo Female Travel Trends and Statistics.html,2024 Solo Female Travel Trends and Statistics,blog,False,General Travel Narrative,Descriptive / Contextual,0.0446,Reflective / Neutral,Neutral,,"The top countries for solo female travelers are the UK, Italy, Thailand, Spain, and Japan. Japan replaces Portugal but the rest remain unchanged since 2020. France, the world’s most visited country, continues to be missing from the list."
2024 Solo Female Travel Trends and Statistics.html_P121,2024 Solo Female Travel Trends and Statistics.html,2024 Solo Female Travel Trends and Statistics,blog,False,General Travel Narrative,Descriptive / Contextual,0.0701,Reflective / Neutral,Neutral,,"Women who haven’t traveled solo yet have Italy, Greece, UK, Japan, and Iceland on their list for a first solo travel destination."
2024 Solo Female Travel Trends and Statistics.html_P122,2024 Solo Female Travel Trends and Statistics.html,2024 Solo Female Travel Trends and Statistics,blog,False,General Travel Narrative,Descriptive / Contextual,0.0597,Reflective / Neutral,Neutral,,"9. London, paris, Rome, Barcelona and Tokyo are fav cities for a solo trip. New York is dethroned"
2024 Solo Female Travel Trends and Statistics.html_P123,2024 Solo Female Travel Trends and Statistics.html,2024 Solo Female Travel Trends and Statistics,blog,False,General Travel Narrative,Descriptive / Contextual,0.0414,Reflective / Neutral,Neutral,,"“Easy to navigate, plenty to see, but also gets you a solid change of pace from the norm.”"
2024 Solo Female Travel Trends and Statistics.html_P124,2024 Solo Female Travel Trends and Statistics.html,2024 Solo Female Travel Trends and Statistics,blog,False,General Travel Narrative,Descriptive / Contextual,0.0414,Reflective / Neutral,Neutral,,"“Easy to navigate, plenty to see, but also gets you a solid change of pace from the norm.”"
2024 Solo Female Travel Trends and Statistics.html_P125,2024 Solo Female Travel Trends and Statistics.html,2024 Solo Female Travel Trends and Statistics,blog,False,General Travel Narrative,Descriptive / Contextual,0.044,Reflective / Neutral,Neutral,,"Popular cities with lots to see continue to be favorite destinations for solo travelers. They offer a lot to everyone so they are a good choice no matter the kind of travel you like to do, they are accessible and easy to get to, and they offer a variety of budget options with women-only dorms for those on a budget and luxury pampering alternatives if you want to splurge."
2024 Solo Female Travel Trends and Statistics.html_P126,2024 Solo Female Travel Trends and Statistics.html,2024 Solo Female Travel Trends and Statistics,blog,False,General Travel Narrative,Descriptive / Contextual,0.0706,Reflective / Neutral,Neutral,,The most remarkable change from 2024 is the drop of New York City from the top spot to spot no.6 after previous year’s favorite list.
2024 Solo Female Travel Trends and Statistics.html_P127,2024 Solo Female Travel Trends and Statistics.html,2024 Solo Female Travel Trends and Statistics,blog,True,Travel Intention & Mobility Decisions,Destination Choice & Route Avoidance,0.5551,Reflective / Neutral,Neutral,bucket list,Tokyo makes an entrance along with Japan’s consolidation as a bucket list destination and a choice for many women.
2024 Solo Female Travel Trends and Statistics.html_P128,2024 Solo Female Travel Trends and Statistics.html,2024 Solo Female Travel Trends and Statistics,blog,False,General Travel Narrative,Descriptive / Contextual,0.0585,Reflective / Neutral,Neutral,,10. Trust loved ones and those who know and are unbiased
2024 Solo Female Travel Trends and Statistics.html_P129,2024 Solo Female Travel Trends and Statistics.html,2024 Solo Female Travel Trends and Statistics,blog,False,General Travel Narrative,Descriptive / Contextual,0.0427,Reflective / Neutral,Neutral,,“I don’t trust the beautiful Instagram photos or collaboration ads on social media. I would like to trust influencers but they don’t share the true story.”
2024 Solo Female Travel Trends and Statistics.html_P130,2024 Solo Female Travel Trends and Statistics.html,2024 Solo Female Travel Trends and Statistics,blog,False,General Travel Narrative,Descriptive / Contextual,0.0427,Reflective / Neutral,Neutral,,“I don’t trust the beautiful Instagram photos or collaboration ads on social media. I would like to trust influencers but they don’t share the true story.”
2024 Solo Female Travel Trends and Statistics.html_P131,2024 Solo Female Travel Trends and Statistics.html,2024 Solo Female Travel Trends and Statistics,blog,False,General Travel Narrative,Descriptive / Contextual,0.1102,Reflective / Neutral,Neutral,,"When planning a solo trip as a woman, getting trustworthy and relevant advice is critical, especially when it comes to preparing for the trip and staying safe."
2024 Solo Female Travel Trends and Statistics.html_P132,2024 Solo Female Travel Trends and Statistics.html,2024 Solo Female Travel Trends and Statistics,blog,False,General Travel Narrative,Descriptive / Contextual,0.0693,Reflective / Neutral,Neutral,,Solo female travelers trust sources that are:
2024 Solo Female Travel Trends and Statistics.html_P133,2024 Solo Female Travel Trends and Statistics.html,2024 Solo Female Travel Trends and Statistics,blog,False,General Travel Narrative,Descriptive / Contextual,0.0,Reflective / Neutral,Neutral,,Relatable (with first-hand experience)
2024 Solo Female Travel Trends and Statistics.html_P134,2024 Solo Female Travel Trends and Statistics.html,2024 Solo Female Travel Trends and Statistics,blog,False,General Travel Narrative,Descriptive / Contextual,0.0,Reflective / Neutral,Neutral,,Reliable (honest and unbiased)
2024 Solo Female Travel Trends and Statistics.html_P135,2024 Solo Female Travel Trends and Statistics.html,2024 Solo Female Travel Trends and Statistics,blog,False,General Travel Narrative,Descriptive / Contextual,0.0611,Reflective / Neutral,Neutral,,Relevant (like them) sources for advice on solo travel
2024 Solo Female Travel Trends and Statistics.html_P136,2024 Solo Female Travel Trends and Statistics.html,2024 Solo Female Travel Trends and Statistics,blog,False,General Travel Narrative,Descriptive / Contextual,0.0459,Reflective / Neutral,Neutral,,Friends & family (72% ) and solo female travel communities like ours (81% ) are the most trusted sources for advice on solo travel for the 5th consecutive year.
2024 Solo Female Travel Trends and Statistics.html_P137,2024 Solo Female Travel Trends and Statistics.html,2024 Solo Female Travel Trends and Statistics,blog,False,General Travel Narrative,Descriptive / Contextual,0.0,Reflective / Neutral,Neutral,,"Online review (64% ) sites and blogs (60% ) are trusted by two-thirds of respondents, but their trustworthiness is decreasing by 3pp respectively in 2025."
2024 Solo Female Travel Trends and Statistics.html_P138,2024 Solo Female Travel Trends and Statistics.html,2024 Solo Female Travel Trends and Statistics,blog,False,General Travel Narrative,Descriptive / Contextual,0.0354,Reflective / Neutral,Neutral,,"This year again, influencers are considered less trustworthy than the brands who hire them. Only 21% trust recommendations from Influencers, Instagrammers, YouTubers and other content creators. 31% distrust them. These results worsen every year."
2024 Solo Female Travel Trends and Statistics.html_P139,2024 Solo Female Travel Trends and Statistics.html,2024 Solo Female Travel Trends and Statistics,blog,False,General Travel Narrative,Descriptive / Contextual,0.0,Reflective / Neutral,Neutral,,Government advisories trustworthiness has improved in 2025 and increased to 56% from 50% in 2024.
2024 Solo Female Travel Trends and Statistics.html_P140,2024 Solo Female Travel Trends and Statistics.html,2024 Solo Female Travel Trends and Statistics,blog,False,General Travel Narrative,Descriptive / Contextual,0.04,Reflective / Neutral,Neutral,,COVID restrictions (12% ) and the way a destination handled the pandemic (8% ) are no longer a concern when picking a destination.
2024 Solo Female Travel Trends and Statistics.html_P141,2024 Solo Female Travel Trends and Statistics.html,2024 Solo Female Travel Trends and Statistics,blog,False,General Travel Narrative,Descriptive / Contextual,0.0376,Reflective / Neutral,Neutral,,"11. Japan, Iceland, Australia, Greece & Italy are where solo female travelers dream of going"
2024 Solo Female Travel Trends and Statistics.html_P142,2024 Solo Female Travel Trends and Statistics.html,2024 Solo Female Travel Trends and Statistics,blog,False,General Travel Narrative,Descriptive / Contextual,0.0154,Reflective / Neutral,Neutral,,“Take us to Honeymoon destinations like Bora Bora so we can have the same experiences as couples.”
2024 Solo Female Travel Trends and Statistics.html_P143,2024 Solo Female Travel Trends and Statistics.html,2024 Solo Female Travel Trends and Statistics,blog,False,General Travel Narrative,Descriptive / Contextual,0.0154,Reflective / Neutral,Neutral,,“Take us to Honeymoon destinations like Bora Bora so we can have the same experiences as couples.”
2024 Solo Female Travel Trends and Statistics.html_P144,2024 Solo Female Travel Trends and Statistics.html,2024 Solo Female Travel Trends and Statistics,blog,True,Travel Intention & Mobility Decisions,Destination Choice & Route Avoidance,0.4283,Reflective / Neutral,Neutral,bucket list,Solo female travelers top-5 destination bucket list remains largely unchanged since 2020 despite the millions of annual visitors.
2024 Solo Female Travel Trends and Statistics.html_P145,2024 Solo Female Travel Trends and Statistics.html,2024 Solo Female Travel Trends and Statistics,blog,False,General Travel Narrative,Descriptive / Contextual,0.0434,Reflective / Neutral,Neutral,,Global events such as the Olympics as well as natural phenomenon like the Northern Lights can bring the spotlight onto a previously underrepresented destination.
2024 Solo Female Travel Trends and Statistics.html_P146,2024 Solo Female Travel Trends and Statistics.html,2024 Solo Female Travel Trends and Statistics,blog,True,Travel Intention & Mobility Decisions,Destination Choice & Route Avoidance,0.4516,Reflective / Neutral,Neutral,bucket list,"Japan is the undisputed top bucket list destination for women traveling solo, taking the number 1 spot in 2025 again."
2024 Solo Female Travel Trends and Statistics.html_P147,2024 Solo Female Travel Trends and Statistics.html,2024 Solo Female Travel Trends and Statistics,blog,False,General Travel Narrative,Descriptive / Contextual,0.0524,Reflective / Neutral,Neutral,,"This year, Japan is also the top destination for all age groups but Boomers who dream of going to Australia, and the top-3 focus on the same countries."
2024 Solo Female Travel Trends and Statistics.html_P148,2024 Solo Female Travel Trends and Statistics.html,2024 Solo Female Travel Trends and Statistics,blog,True,Travel Intention & Mobility Decisions,Destination Choice & Route Avoidance,0.4242,Reflective / Neutral,Neutral,bucket list,"Besides age, the traveler’s nationality determines the bucket list and places that are farther away from home are most desired. Those living in APAC and Europe dream of going to Japan most, while those residing in the US and Canada and Latin America & the Caribbean would love to go to Greece."
2024 Solo Female Travel Trends and Statistics.html_P149,2024 Solo Female Travel Trends and Statistics.html,2024 Solo Female Travel Trends and Statistics,blog,True,Travel Intention & Mobility Decisions,Destination Choice & Route Avoidance,0.4182,Reflective / Neutral,Neutral,bucket list,"Did you know that we organize tours to all of the top bucket list destinations for women? Join our curated small group trips to Iceland, Tuscany, Madagascar, Tanzania, Spain, the Xmas markets, Egypt, Morocco, Scotland, Cuba, Oaxaca, Bali, the Arctic, Antarctica, the Caribbean, Australia or Greece and meet likeminded women with a passion for travel. => Register on our waitlist to be the first to know when our new tour to Japan is live."
2024 Solo Female Travel Trends and Statistics.html_P150,2024 Solo Female Travel Trends and Statistics.html,2024 Solo Female Travel Trends and Statistics,blog,True,Destination Image & Evaluation,Destination Safety Reputation,0.2834,Calculated Caution & Vigilance,Protective,reputation,"12. Beyond safety, the culture, food, nature, people, climate and reputation rule when choosing a destination"
2024 Solo Female Travel Trends and Statistics.html_P151,2024 Solo Female Travel Trends and Statistics.html,2024 Solo Female Travel Trends and Statistics,blog,False,General Travel Narrative,Descriptive / Contextual,0.0,Reflective / Neutral,Neutral,,“Understand we are not all 25 year old Instagram influencer activists into yoga”
2024 Solo Female Travel Trends and Statistics.html_P152,2024 Solo Female Travel Trends and Statistics.html,2024 Solo Female Travel Trends and Statistics,blog,False,General Travel Narrative,Descriptive / Contextual,0.0,Reflective / Neutral,Neutral,,“Understand we are not all 25 year old Instagram influencer activists into yoga”
2024 Solo Female Travel Trends and Statistics.html_P153,2024 Solo Female Travel Trends and Statistics.html,2024 Solo Female Travel Trends and Statistics,blog,False,General Travel Narrative,Descriptive / Contextual,0.0645,Reflective / Neutral,Neutral,,Decision factors when choosing a destination for a solo trip remain unchanged year after year with the exception of COVID related preoccupations that are now well in the rearview mirror.
2024 Solo Female Travel Trends and Statistics.html_P154,2024 Solo Female Travel Trends and Statistics.html,2024 Solo Female Travel Trends and Statistics,blog,False,General Travel Narrative,Descriptive / Contextual,0.0938,Reflective / Neutral,Neutral,,"When choosing a destination, solo female travelers look at several decision factors, from culture to nature, beauty, safety, affordability, food, seasonality, accessibility and friendliness of the locals."
2024 Solo Female Travel Trends and Statistics.html_P155,2024 Solo Female Travel Trends and Statistics.html,2024 Solo Female Travel Trends and Statistics,blog,True,Physical Constraints,Sexual Harassment & Unwanted Attention,0.207,Reflective / Neutral,Neutral,followed,"77% of women traveling solo find the local culture extremely important or very important when deciding on a trip, followed by 69% who look for a beautiful destination."
2024 Solo Female Travel Trends and Statistics.html_P156,2024 Solo Female Travel Trends and Statistics.html,2024 Solo Female Travel Trends and Statistics,blog,False,General Travel Narrative,Descriptive / Contextual,0.0679,Reflective / Neutral,Neutral,,Safety at the destination or its crime rate comes up again as an important decision factor when choosing a solo travel destination for 62% of respondents.
2024 Solo Female Travel Trends and Statistics.html_P157,2024 Solo Female Travel Trends and Statistics.html,2024 Solo Female Travel Trends and Statistics,blog,False,General Travel Narrative,Descriptive / Contextual,0.0238,Reflective / Neutral,Neutral,,The local cuisine is a decision factor for 65% of respondents and accessibility to nature matters for 59% .
2024 Solo Female Travel Trends and Statistics.html_P158,2024 Solo Female Travel Trends and Statistics.html,2024 Solo Female Travel Trends and Statistics,blog,True,Destination Image & Evaluation,Destination Safety Reputation,0.3438,Reflective / Neutral,Neutral,reputation,"50% of respondents said they care about a country’s reputation, its human and social rights track record and the way it treats women. This shows that solo female travelers are aware of social justice issues and will consider whether a destination aligns with their values when deciding where to go."
2024 Solo Female Travel Trends and Statistics.html_P159,2024 Solo Female Travel Trends and Statistics.html,2024 Solo Female Travel Trends and Statistics,blog,False,General Travel Narrative,Descriptive / Contextual,0.04,Reflective / Neutral,Neutral,,COVID restrictions (12% ) and the way a destination handled the pandemic (8% ) are no longer a concern when picking a destination.
2024 Solo Female Travel Trends and Statistics.html_P160,2024 Solo Female Travel Trends and Statistics.html,2024 Solo Female Travel Trends and Statistics,blog,False,General Travel Narrative,Descriptive / Contextual,0.0,Reflective / Neutral,Neutral,,Availability of small group tours is important for 22% of respondents.
2024 Solo Female Travel Trends and Statistics.html_P161,2024 Solo Female Travel Trends and Statistics.html,2024 Solo Female Travel Trends and Statistics,blog,False,General Travel Narrative,Descriptive / Contextual,0.0434,Reflective / Neutral,Neutral,,"Shopping (12% ) or IG photo opportunities (9% ) are not relevant to the vast majority of women when deciding where to go, despite the travel industry continuing to focus solo female travel products on these elements."
2024 Solo Female Travel Trends and Statistics.html_P162,2024 Solo Female Travel Trends and Statistics.html,2024 Solo Female Travel Trends and Statistics,blog,False,General Travel Narrative,Descriptive / Contextual,0.0208,Reflective / Neutral,Neutral,,"13. Price matters, but women are socially aware and care"
2024 Solo Female Travel Trends and Statistics.html_P163,2024 Solo Female Travel Trends and Statistics.html,2024 Solo Female Travel Trends and Statistics,blog,False,General Travel Narrative,Descriptive / Contextual,0.0174,Reflective / Neutral,Neutral,,"“I also feel strongly about mitigating overtourism and think the tourism industry needs to be more transparent about how their services support local communities. It’s the biggest motivator behind all of my tours, because local communities should benefit from the tourists who come and extract their resources (water, roads) and pollute (sewage and garbage).”"
2024 Solo Female Travel Trends and Statistics.html_P164,2024 Solo Female Travel Trends and Statistics.html,2024 Solo Female Travel Trends and Statistics,blog,False,General Travel Narrative,Descriptive / Contextual,0.0174,Reflective / Neutral,Neutral,,"“I also feel strongly about mitigating overtourism and think the tourism industry needs to be more transparent about how their services support local communities. It’s the biggest motivator behind all of my tours, because local communities should benefit from the tourists who come and extract their resources (water, roads) and pollute (sewage and garbage).”"
2024 Solo Female Travel Trends and Statistics.html_P165,2024 Solo Female Travel Trends and Statistics.html,2024 Solo Female Travel Trends and Statistics,blog,False,General Travel Narrative,Descriptive / Contextual,0.1112,Reflective / Neutral,Neutral,,"Women make holistic decisions when booking travel, looking beyond price and to other aspects like local and social responsibility, care for the environment, etc."
2024 Solo Female Travel Trends and Statistics.html_P166,2024 Solo Female Travel Trends and Statistics.html,2024 Solo Female Travel Trends and Statistics,blog,False,General Travel Narrative,Descriptive / Contextual,0.0342,Reflective / Neutral,Neutral,,"Price is key for 56% of respondents; Saving for travel is one of the most discussed topics in our online community. At the same time, 39% said that price was not important to their decision."
2024 Solo Female Travel Trends and Statistics.html_P167,2024 Solo Female Travel Trends and Statistics.html,2024 Solo Female Travel Trends and Statistics,blog,False,General Travel Narrative,Descriptive / Contextual,0.0307,Reflective / Neutral,Neutral,,"Women are socially aware: 33% care about a Business’ impact on the environment and its eco-friendliness, 29% care about Local ownership and 22% about a Provider’s social responsibility or charitable focus."
2024 Solo Female Travel Trends and Statistics.html_P168,2024 Solo Female Travel Trends and Statistics.html,2024 Solo Female Travel Trends and Statistics,blog,False,General Travel Narrative,Descriptive / Contextual,0.0142,Reflective / Neutral,Neutral,,"Championing female owned businesses is important for 15% of respondents, a stable figure for the last 3 years."
2024 Solo Female Travel Trends and Statistics.html_P169,2024 Solo Female Travel Trends and Statistics.html,2024 Solo Female Travel Trends and Statistics,blog,False,General Travel Narrative,Descriptive / Contextual,0.0321,Reflective / Neutral,Neutral,,14. Solo female travelers are not a monolithic segment
2024 Solo Female Travel Trends and Statistics.html_P170,2024 Solo Female Travel Trends and Statistics.html,2024 Solo Female Travel Trends and Statistics,blog,True,Social Constraints,Racialized & Foreign Vulnerability,0.1909,Reflective / Neutral,Neutral,racism,"“Being more inclusive of different perspectives. A lot of the travel industry in reference to solo female travelers caters to white women, it doesn’t take into account the various experiences of other races. For example, my experience as a black woman is not frequently discussed outside of other black female travelers. I need to know when it is safe, when to be aware of racism, are there signs or local words unique to that country to be aware of? What stigmas or stereotypes are currently present in the country in the way women who look like me are perceived. Add into that intersectionality of being queer and again there are unique things to be aware of and to look out for.”"
2024 Solo Female Travel Trends and Statistics.html_P171,2024 Solo Female Travel Trends and Statistics.html,2024 Solo Female Travel Trends and Statistics,blog,True,Social Constraints,Racialized & Foreign Vulnerability,0.1909,Reflective / Neutral,Neutral,racism,"“Being more inclusive of different perspectives. A lot of the travel industry in reference to solo female travelers caters to white women, it doesn’t take into account the various experiences of other races. For example, my experience as a black woman is not frequently discussed outside of other black female travelers. I need to know when it is safe, when to be aware of racism, are there signs or local words unique to that country to be aware of? What stigmas or stereotypes are currently present in the country in the way women who look like me are perceived. Add into that intersectionality of being queer and again there are unique things to be aware of and to look out for.”"
2024 Solo Female Travel Trends and Statistics.html_P172,2024 Solo Female Travel Trends and Statistics.html,2024 Solo Female Travel Trends and Statistics,blog,False,General Travel Narrative,Descriptive / Contextual,0.0467,Reflective / Neutral,Neutral,,"The Solo female traveler cannot be described as one type of customer. While there are common needs and wants, there are also distinct age, socio-demographic and geographic differences that need to be acknowledged."
2024 Solo Female Travel Trends and Statistics.html_P174,2024 Solo Female Travel Trends and Statistics.html,2024 Solo Female Travel Trends and Statistics,blog,False,General Travel Narrative,Descriptive / Contextual,0.0333,Reflective / Neutral,Neutral,,Cost of not having a travel partner; to share costs and the burden of planning with.
2024 Solo Female Travel Trends and Statistics.html_P175,2024 Solo Female Travel Trends and Statistics.html,2024 Solo Female Travel Trends and Statistics,blog,False,General Travel Narrative,Descriptive / Contextual,0.0681,Reflective / Neutral,Neutral,,Cultural value and beauty of a destination is most important when choosing a destination.
2024 Solo Female Travel Trends and Statistics.html_P176,2024 Solo Female Travel Trends and Statistics.html,2024 Solo Female Travel Trends and Statistics,blog,True,Physical Constraints,Accommodation & Property Security,0.1849,Reflective / Neutral,Neutral,theft,"Protecting themselves: They buy travel and health insurance the most, carry more safety tools, use anti-theft bags most often than any other age group."
2024 Solo Female Travel Trends and Statistics.html_P177,2024 Solo Female Travel Trends and Statistics.html,2024 Solo Female Travel Trends and Statistics,blog,False,General Travel Narrative,Descriptive / Contextual,0.0303,Reflective / Neutral,Neutral,,"Not waiting on others, and traveling even if they don’t have someone to go with. Travel is not a means to escape day to day but to grow, learn and connect."
2024 Solo Female Travel Trends and Statistics.html_P178,2024 Solo Female Travel Trends and Statistics.html,2024 Solo Female Travel Trends and Statistics,blog,False,General Travel Narrative,Descriptive / Contextual,0.0201,Reflective / Neutral,Neutral,,"Women-only group trips, 14% took one in 2024 and 19% are likely to book one again in 2025 (vs. 8% of Gen Z on both)."
2024 Solo Female Travel Trends and Statistics.html_P179,2024 Solo Female Travel Trends and Statistics.html,2024 Solo Female Travel Trends and Statistics,blog,False,General Travel Narrative,Descriptive / Contextual,0.0209,Reflective / Neutral,Neutral,,"Trends: iconic destinations, Instagrammable places."
2024 Solo Female Travel Trends and Statistics.html_P180,2024 Solo Female Travel Trends and Statistics.html,2024 Solo Female Travel Trends and Statistics,blog,False,General Travel Narrative,Descriptive / Contextual,0.049,Vulnerability & Fear,Negative,,"Safety, they worry less (53% vs 66%), find themselves in fewer dangerous situations, which may be down to age as well as experience (42% have taken more than 10 solo trips vs. 17% of Gen Z)."
2024 Solo Female Travel Trends and Statistics.html_P181,2024 Solo Female Travel Trends and Statistics.html,2024 Solo Female Travel Trends and Statistics,blog,False,General Travel Narrative,Descriptive / Contextual,0.0938,Reflective / Neutral,Neutral,,Challenging themselves or self-improvement are not motivations to take a solo trip.
2024 Solo Female Travel Trends and Statistics.html_P182,2024 Solo Female Travel Trends and Statistics.html,2024 Solo Female Travel Trends and Statistics,blog,True,Travel Intention & Mobility Decisions,Destination Choice & Route Avoidance,0.4157,Reflective / Neutral,Neutral,bucket list,"Culture, nature and adventure activities are the driving factors when choosing a destination for a solo trip. Bucket list destinations are rich and active ones like Japan, Iceland and Greece."
2024 Solo Female Travel Trends and Statistics.html_P183,2024 Solo Female Travel Trends and Statistics.html,2024 Solo Female Travel Trends and Statistics,blog,True,Physical Constraints,Accommodation & Property Security,0.1835,Reflective / Neutral,Neutral,theft,"Protecting themselves: They buy more travel and health insurance, carry more safety tools, use anti-theft bags more often than the younger groups, but less than Boomers."
2024 Solo Female Travel Trends and Statistics.html_P184,2024 Solo Female Travel Trends and Statistics.html,2024 Solo Female Travel Trends and Statistics,blog,True,Experiential Well-Being & Self-Leadership,Emotional Flourishing & Joy,0.2408,Reflective / Neutral,Neutral,peace,"Having a break. It is a means to reset, find peace & solitude, get away from the day to day responsibilities and relax."
2024 Solo Female Travel Trends and Statistics.html_P185,2024 Solo Female Travel Trends and Statistics.html,2024 Solo Female Travel Trends and Statistics,blog,False,General Travel Narrative,Descriptive / Contextual,0.0211,Reflective / Neutral,Neutral,,"Group trips, both gendered and co-ed are increasingly appealing as a travel option. 35% went on one in 2024 but 39% will book one in 2025."
2024 Solo Female Travel Trends and Statistics.html_P186,2024 Solo Female Travel Trends and Statistics.html,2024 Solo Female Travel Trends and Statistics,blog,False,General Travel Narrative,Descriptive / Contextual,0.0407,Vulnerability & Fear,Negative,,The overall challenges of solo travel worry them less in general and they find themselves in fewer dangerous situations than younger travelers.
2024 Solo Female Travel Trends and Statistics.html_P187,2024 Solo Female Travel Trends and Statistics.html,2024 Solo Female Travel Trends and Statistics,blog,False,General Travel Narrative,Descriptive / Contextual,0.0682,Reflective / Neutral,Neutral,,"Trends: Novelty, popular or iconic destinations are not appealing, Instagrammable spots, shopping or availability of small group trips don’t matter when picking a destination to visit."
2024 Solo Female Travel Trends and Statistics.html_P188,2024 Solo Female Travel Trends and Statistics.html,2024 Solo Female Travel Trends and Statistics,blog,True,Experiential Well-Being & Self-Leadership,Empowerment & Self-Efficacy,0.1887,Reflective / Neutral,Neutral,growth,"Deeper meanings: Travel is not a means for personal growth, to meet new people or as a last resource when nobody else wants to travel. For Gen X, travel is a vacation, a break from routine, a rush of adrenaline, a fun activity."
2024 Solo Female Travel Trends and Statistics.html_P189,2024 Solo Female Travel Trends and Statistics.html,2024 Solo Female Travel Trends and Statistics,blog,False,General Travel Narrative,Descriptive / Contextual,0.0,Reflective / Neutral,Neutral,,MILLENNIALS (30 to 44 YEARS OLD)
2024 Solo Female Travel Trends and Statistics.html_P190,2024 Solo Female Travel Trends and Statistics.html,2024 Solo Female Travel Trends and Statistics,blog,False,General Travel Narrative,Descriptive / Contextual,0.0805,Reflective / Neutral,Neutral,,"They travel for food, nature and adventure. How instagrammable the destination is matters more than to older generations, but less than to Gen Z."
2024 Solo Female Travel Trends and Statistics.html_P191,2024 Solo Female Travel Trends and Statistics.html,2024 Solo Female Travel Trends and Statistics,blog,False,General Travel Narrative,Descriptive / Contextual,0.0616,Reflective / Neutral,Neutral,,"Safety and something bad happening when traveling solo is a concern, although they don’t put measures in place to minimise risk."
2024 Solo Female Travel Trends and Statistics.html_P192,2024 Solo Female Travel Trends and Statistics.html,2024 Solo Female Travel Trends and Statistics,blog,True,Physical Constraints,Accommodation & Property Security,0.1819,Reflective / Neutral,Neutral,theft,"Care free travels: Less likely to buy travel and health insurance, use anti-theft bags and worry about any of the challenges of solo travel except for safety."
2024 Solo Female Travel Trends and Statistics.html_P193,2024 Solo Female Travel Trends and Statistics.html,2024 Solo Female Travel Trends and Statistics,blog,True,Experiential Well-Being & Self-Leadership,Empowerment & Self-Efficacy,0.2795,Reflective / Neutral,Neutral,growth,"Flexibility and personal growth are main motivators of solo travel. They view travel as a means for self-growth, to challenge themselves and to take a break."
2024 Solo Female Travel Trends and Statistics.html_P194,2024 Solo Female Travel Trends and Statistics.html,2024 Solo Female Travel Trends and Statistics,blog,False,General Travel Narrative,Descriptive / Contextual,0.0421,Vulnerability & Fear,Negative,,The overall challenges of solo travel worry them less and they find themselves in fewer dangerous situations than younger travelers.
2024 Solo Female Travel Trends and Statistics.html_P195,2024 Solo Female Travel Trends and Statistics.html,2024 Solo Female Travel Trends and Statistics,blog,True,Destination Image & Evaluation,Destination Safety Reputation,0.188,Reflective / Neutral,Neutral,,Connecting with the locals or how friendly they are is less important than for other age groups.
2024 Solo Female Travel Trends and Statistics.html_P196,2024 Solo Female Travel Trends and Statistics.html,2024 Solo Female Travel Trends and Statistics,blog,False,General Travel Narrative,Descriptive / Contextual,0.0755,Reflective / Neutral,Neutral,,"Available small group trips doesn’t determine their choice of destination, but they are as likely to go on one as Gen X and Gen Z."
2024 Solo Female Travel Trends and Statistics.html_P197,2024 Solo Female Travel Trends and Statistics.html,2024 Solo Female Travel Trends and Statistics,blog,False,General Travel Narrative,Descriptive / Contextual,0.0,Reflective / Neutral,Neutral,,*Respondents had to be above the age of 18 to participate
2024 Solo Female Travel Trends and Statistics.html_P198,2024 Solo Female Travel Trends and Statistics.html,2024 Solo Female Travel Trends and Statistics,blog,True,Experiential Well-Being & Self-Leadership,Empowerment & Self-Efficacy,0.2535,Reflective / Neutral,Neutral,growth,"Solo travel is meaningful. It’s a challenge and self-growth opportunity, a chance to meet new people, to reset from a major life event, to be alone and to volunteer. They love the flexibility even more than other age group."
2024 Solo Female Travel Trends and Statistics.html_P199,2024 Solo Female Travel Trends and Statistics.html,2024 Solo Female Travel Trends and Statistics,blog,False,General Travel Narrative,Descriptive / Contextual,0.0568,Vulnerability & Fear,Negative,,Safety and something bad happening is a much higher concern than any other group. They are also more likely to find themselves in dangerous situations and being the victims of a crime.
2024 Solo Female Travel Trends and Statistics.html_P200,2024 Solo Female Travel Trends and Statistics.html,2024 Solo Female Travel Trends and Statistics,blog,True,Social Constraints,Familial Anxiety & Societal Judgment,0.2608,Reflective / Neutral,Neutral,judged,"Others: What other people think, being judged, feeling lonely and eating alone."
2024 Solo Female Travel Trends and Statistics.html_P201,2024 Solo Female Travel Trends and Statistics.html,2024 Solo Female Travel Trends and Statistics,blog,False,General Travel Narrative,Descriptive / Contextual,0.04,Reflective / Neutral,Neutral,,"Popularity & adrenaline: They are more likely to choose iconic, instagrammable and popular destinations, adventure activities and nature. They also consider the tourism infrastructure."
2024 Solo Female Travel Trends and Statistics.html_P202,2024 Solo Female Travel Trends and Statistics.html,2024 Solo Female Travel Trends and Statistics,blog,True,Physical Constraints,Accommodation & Property Security,0.1819,Reflective / Neutral,Neutral,theft,"Care free travels: Less likely to buy travel and health insurance, use anti-theft bags and worry about any of the challenges of solo travel except for safety."
2024 Solo Female Travel Trends and Statistics.html_P203,2024 Solo Female Travel Trends and Statistics.html,2024 Solo Female Travel Trends and Statistics,blog,True,Physical Constraints,Accommodation & Property Security,0.1951,Reflective / Neutral,Neutral,theft,"Safety measures are implemented less often; they rarely use anti-theft bags, and are less likely to purchase travel and health insurance."
2024 Solo Female Travel Trends and Statistics.html_P204,2024 Solo Female Travel Trends and Statistics.html,2024 Solo Female Travel Trends and Statistics,blog,False,General Travel Narrative,Descriptive / Contextual,0.0224,Reflective / Neutral,Neutral,,"Women only group trips are less interesting, they prefer co-ed environments."
2024 Solo Female Travel Trends and Statistics.html_P205,2024 Solo Female Travel Trends and Statistics.html,2024 Solo Female Travel Trends and Statistics,blog,False,General Travel Narrative,Descriptive / Contextual,0.0424,Reflective / Neutral,Neutral,,The beauty of a destination and how it handled COVID.
2024 Solo Female Travel Trends and Statistics.html_P206,2024 Solo Female Travel Trends and Statistics.html,2024 Solo Female Travel Trends and Statistics,blog,False,General Travel Narrative,Descriptive / Contextual,0.0343,Reflective / Neutral,Neutral,,Also on this page: Summary of stats I Detailed stats | Get tailored reports I Previous year’s reports
2024 Solo Female Travel Trends and Statistics.html_P207,2024 Solo Female Travel Trends and Statistics.html,2024 Solo Female Travel Trends and Statistics,blog,False,General Travel Narrative,Descriptive / Contextual,0.0858,Reflective / Neutral,Neutral,,D. Women’s wish list and requests
2024 Solo Female Travel Trends and Statistics.html_P208,2024 Solo Female Travel Trends and Statistics.html,2024 Solo Female Travel Trends and Statistics,blog,False,General Travel Narrative,Descriptive / Contextual,0.0,Reflective / Neutral,Neutral,,"Don’t use the phrase, “just one?”"
2024 Solo Female Travel Trends and Statistics.html_P209,2024 Solo Female Travel Trends and Statistics.html,2024 Solo Female Travel Trends and Statistics,blog,False,General Travel Narrative,Descriptive / Contextual,0.0,Reflective / Neutral,Neutral,,"Don’t use the phrase, “just one?”"
2024 Solo Female Travel Trends and Statistics.html_P210,2024 Solo Female Travel Trends and Statistics.html,2024 Solo Female Travel Trends and Statistics,blog,False,General Travel Narrative,Descriptive / Contextual,0.0117,Reflective / Neutral,Neutral,,We asked our survey respondents to tell us how the travel industry can support them and the pain points were consistent with the previous 5 years.
2024 Solo Female Travel Trends and Statistics.html_P211,2024 Solo Female Travel Trends and Statistics.html,2024 Solo Female Travel Trends and Statistics,blog,False,General Travel Narrative,Descriptive / Contextual,0.0614,Reflective / Neutral,Neutral,,"With solo travel on the rise and women at the forefront of this trend, travel companies who capture this opportunity early, by focusing on the needs and wants of this segment and their pain points, will unlock the next big opportunity in travel."
2024 Solo Female Travel Trends and Statistics.html_P212,2024 Solo Female Travel Trends and Statistics.html,2024 Solo Female Travel Trends and Statistics,blog,True,Physical Constraints,Infrastructure & Transit Vulnerability,0.3674,Reflective / Neutral,Neutral,public transport,"“Have a list of all the laws that may impact us for a destination ON the booking portal (not links outward), that’s regularly updated/translated by legal staff, or add badges to hotels based on review keywords (like “bad area”, or “difficult to get to from public transport” or “noisy at night”). I’ve heard so many horror stories and seen some really weird things, and keep thinking I should read up and make sure but it’s so hard tracking down all the diff websites. Finding out about the “on the ground” situation about hotels and train stations etc is just as difficult (those reviews sometimes get buried). So it’d be nice if travel agents/booking portals made themselves relevant again by showing they’re looking out for their clients instead of just trying to sell us stuff and then let whatever happen since the money is paid already.”"
2024 Solo Female Travel Trends and Statistics.html_P213,2024 Solo Female Travel Trends and Statistics.html,2024 Solo Female Travel Trends and Statistics,blog,True,Physical Constraints,Infrastructure & Transit Vulnerability,0.3674,Reflective / Neutral,Neutral,public transport,"“Have a list of all the laws that may impact us for a destination ON the booking portal (not links outward), that’s regularly updated/translated by legal staff, or add badges to hotels based on review keywords (like “bad area”, or “difficult to get to from public transport” or “noisy at night”). I’ve heard so many horror stories and seen some really weird things, and keep thinking I should read up and make sure but it’s so hard tracking down all the diff websites. Finding out about the “on the ground” situation about hotels and train stations etc is just as difficult (those reviews sometimes get buried). So it’d be nice if travel agents/booking portals made themselves relevant again by showing they’re looking out for their clients instead of just trying to sell us stuff and then let whatever happen since the money is paid already.”"
2024 Solo Female Travel Trends and Statistics.html_P214,2024 Solo Female Travel Trends and Statistics.html,2024 Solo Female Travel Trends and Statistics,blog,False,General Travel Narrative,Descriptive / Contextual,0.0448,Reflective / Neutral,Neutral,,The data point: 18% wants the travel industry to help them stay safer when traveling solo.
2024 Solo Female Travel Trends and Statistics.html_P215,2024 Solo Female Travel Trends and Statistics.html,2024 Solo Female Travel Trends and Statistics,blog,False,General Travel Narrative,Descriptive / Contextual,0.0516,Reflective / Neutral,Neutral,,"Solo female travel safety is a complex, multi-dimensional topic."
2024 Solo Female Travel Trends and Statistics.html_P216,2024 Solo Female Travel Trends and Statistics.html,2024 Solo Female Travel Trends and Statistics,blog,True,Perceived Safety,Objective vs. Perceived Risk Calibration,0.4155,Reflective / Neutral,Neutral,"theft, actual risk",It starts with accurate data on the actual risks of a destination (eg. petty theft vs. violent crime) with tools such as our Solo Female Travel Safety Index or our Safety Tips.
2024 Solo Female Travel Trends and Statistics.html_P217,2024 Solo Female Travel Trends and Statistics.html,2024 Solo Female Travel Trends and Statistics,blog,False,General Travel Narrative,Descriptive / Contextual,0.0784,Reflective / Neutral,Neutral,,It continues with on the ground support from hospitality staff who can provide accurate advice tailored to women’s needs without gaslighting or sugarcoating reality.
2024 Solo Female Travel Trends and Statistics.html_P218,2024 Solo Female Travel Trends and Statistics.html,2024 Solo Female Travel Trends and Statistics,blog,True,Destination Image & Evaluation,Institutional & Police Trust,0.1311,Reflective / Neutral,Neutral,,"Lastly, it requires institutional support."
2024 Solo Female Travel Trends and Statistics.html_P219,2024 Solo Female Travel Trends and Statistics.html,2024 Solo Female Travel Trends and Statistics,blog,False,General Travel Narrative,Descriptive / Contextual,0.035,Reflective / Neutral,Neutral,,"2. The solo AND female tax is frustrating, they want discounts"
2024 Solo Female Travel Trends and Statistics.html_P220,2024 Solo Female Travel Trends and Statistics.html,2024 Solo Female Travel Trends and Statistics,blog,False,General Travel Narrative,Descriptive / Contextual,0.0807,Reflective / Neutral,Neutral,,“Get rid of single supplements or design hotel rooms specifically for singles so that solo female travelers do not have to be penalised for their stay by having to pay extra for a room.”
2024 Solo Female Travel Trends and Statistics.html_P221,2024 Solo Female Travel Trends and Statistics.html,2024 Solo Female Travel Trends and Statistics,blog,False,General Travel Narrative,Descriptive / Contextual,0.0807,Reflective / Neutral,Neutral,,“Get rid of single supplements or design hotel rooms specifically for singles so that solo female travelers do not have to be penalised for their stay by having to pay extra for a room.”
2024 Solo Female Travel Trends and Statistics.html_P222,2024 Solo Female Travel Trends and Statistics.html,2024 Solo Female Travel Trends and Statistics,blog,False,General Travel Narrative,Descriptive / Contextual,0.0,Reflective / Neutral,Neutral,,"“I wish reservations (dining, tours, etc) were more accepting of single travelers because it’s frustrating to have to buy 2 tickets”"
2024 Solo Female Travel Trends and Statistics.html_P223,2024 Solo Female Travel Trends and Statistics.html,2024 Solo Female Travel Trends and Statistics,blog,False,General Travel Narrative,Descriptive / Contextual,0.0,Reflective / Neutral,Neutral,,"“I wish reservations (dining, tours, etc) were more accepting of single travelers because it’s frustrating to have to buy 2 tickets”"
2024 Solo Female Travel Trends and Statistics.html_P224,2024 Solo Female Travel Trends and Statistics.html,2024 Solo Female Travel Trends and Statistics,blog,False,General Travel Narrative,Descriptive / Contextual,0.0393,Reflective / Neutral,Neutral,,The data point: 25% wants the travel industry to stop charging more for solo travelers than couples.
2024 Solo Female Travel Trends and Statistics.html_P225,2024 Solo Female Travel Trends and Statistics.html,2024 Solo Female Travel Trends and Statistics,blog,False,General Travel Narrative,Descriptive / Contextual,0.0389,Reflective / Neutral,Neutral,,The solo tax is the bane of solo travelers and manifests in many ways:
2024 Solo Female Travel Trends and Statistics.html_P226,2024 Solo Female Travel Trends and Statistics.html,2024 Solo Female Travel Trends and Statistics,blog,False,General Travel Narrative,Descriptive / Contextual,0.0909,Reflective / Neutral,Neutral,,"Single supplements charged when a person is booking a tour for 1 instead of 2. This stems from higher room / cabin costs when not having someone to share with, in addition to the revenue loss from not filling that spot on limited availability products like cruises. We price all our group tours on a per person basis and pair travelers so they can share."
2024 Solo Female Travel Trends and Statistics.html_P227,2024 Solo Female Travel Trends and Statistics.html,2024 Solo Female Travel Trends and Statistics,blog,False,General Travel Narrative,Descriptive / Contextual,0.0277,Reflective / Neutral,Neutral,,Day tours and activities having a minimum of 2 travelers to go ahead and forcing solo travelers to pay for two people.
2024 Solo Female Travel Trends and Statistics.html_P228,2024 Solo Female Travel Trends and Statistics.html,2024 Solo Female Travel Trends and Statistics,blog,True,Physical Constraints,Accommodation & Property Security,0.4604,Reflective / Neutral,Neutral,mixed dorm,"Women-only hostel rooms being priced higher than mixed dorms, “limited female only dorms and they’re always more expensive than the mixed dorms”."
2024 Solo Female Travel Trends and Statistics.html_P229,2024 Solo Female Travel Trends and Statistics.html,2024 Solo Female Travel Trends and Statistics,blog,False,General Travel Narrative,Descriptive / Contextual,0.0131,Reflective / Neutral,Neutral,,"Restaurants not allowing bookings for 1 person, or placing solo diners in worse off locations (by the kitchen, in a corner, behind a column) or at the bar."
2024 Solo Female Travel Trends and Statistics.html_P230,2024 Solo Female Travel Trends and Statistics.html,2024 Solo Female Travel Trends and Statistics,blog,False,General Travel Narrative,Descriptive / Contextual,0.0644,Reflective / Neutral,Neutral,,"Instead of paying more, solo female travelers want specific offers for them."
2024 Solo Female Travel Trends and Statistics.html_P231,2024 Solo Female Travel Trends and Statistics.html,2024 Solo Female Travel Trends and Statistics,blog,False,General Travel Narrative,Descriptive / Contextual,0.0616,Reflective / Neutral,Neutral,,"Solo rooms or cabins: Smaller, more basic rooms at hotels and cruises designed for solo travelers at discounted rates."
2024 Solo Female Travel Trends and Statistics.html_P232,2024 Solo Female Travel Trends and Statistics.html,2024 Solo Female Travel Trends and Statistics,blog,False,General Travel Narrative,Descriptive / Contextual,0.0467,Reflective / Neutral,Neutral,,"Shared tables at restaurants, earlier times for solo diners, options to pair solo travelers open to connections, solo events, etc."
2024 Solo Female Travel Trends and Statistics.html_P233,2024 Solo Female Travel Trends and Statistics.html,2024 Solo Female Travel Trends and Statistics,blog,False,General Travel Narrative,Descriptive / Contextual,0.0182,Reflective / Neutral,Neutral,,Solo offers waiving supplements early on or as a last minute option to fill empty spots.
2024 Solo Female Travel Trends and Statistics.html_P234,2024 Solo Female Travel Trends and Statistics.html,2024 Solo Female Travel Trends and Statistics,blog,False,General Travel Narrative,Descriptive / Contextual,0.0585,Reflective / Neutral,Neutral,,3. From niche to mainstream; it’s time to stop stigmatising
2024 Solo Female Travel Trends and Statistics.html_P235,2024 Solo Female Travel Trends and Statistics.html,2024 Solo Female Travel Trends and Statistics,blog,False,General Travel Narrative,Descriptive / Contextual,0.0247,Reflective / Neutral,Neutral,,"“I wish people would destigmatise females traveling solo so that people would stop assuming I’m lost, need a man to accompany me and no one would harass me”"
2024 Solo Female Travel Trends and Statistics.html_P236,2024 Solo Female Travel Trends and Statistics.html,2024 Solo Female Travel Trends and Statistics,blog,False,General Travel Narrative,Descriptive / Contextual,0.0247,Reflective / Neutral,Neutral,,"“I wish people would destigmatise females traveling solo so that people would stop assuming I’m lost, need a man to accompany me and no one would harass me”"
2024 Solo Female Travel Trends and Statistics.html_P237,2024 Solo Female Travel Trends and Statistics.html,2024 Solo Female Travel Trends and Statistics,blog,False,General Travel Narrative,Descriptive / Contextual,0.0582,Reflective / Neutral,Neutral,,"“Normalize solo travel in a variety of ways: in advertising, media, social media, etc. When we see solo female travelers in articles or commercials, etc., then it seems more accessible to us.”"
2024 Solo Female Travel Trends and Statistics.html_P238,2024 Solo Female Travel Trends and Statistics.html,2024 Solo Female Travel Trends and Statistics,blog,False,General Travel Narrative,Descriptive / Contextual,0.0582,Reflective / Neutral,Neutral,,"“Normalize solo travel in a variety of ways: in advertising, media, social media, etc. When we see solo female travelers in articles or commercials, etc., then it seems more accessible to us.”"
2024 Solo Female Travel Trends and Statistics.html_P239,2024 Solo Female Travel Trends and Statistics.html,2024 Solo Female Travel Trends and Statistics,blog,True,Travel Intention & Mobility Decisions,Solo Continuation & Advocacy,0.1537,Reflective / Neutral,Neutral,,"The data point: 5% asks for solo travel to be normalised and de-stigmatised. At the same time, they also want for the travel industry to encourage it more, beyond stereotypes, making it more visible to women from all walks of life."
2024 Solo Female Travel Trends and Statistics.html_P240,2024 Solo Female Travel Trends and Statistics.html,2024 Solo Female Travel Trends and Statistics,blog,False,General Travel Narrative,Descriptive / Contextual,0.0501,Reflective / Neutral,Neutral,,"Solo travel is not niche, it is mainstream, and travel industry marketing materials need to catch up with this reality and start showing realistic solo travelers as much as they show couples and families."
2024 Solo Female Travel Trends and Statistics.html_P241,2024 Solo Female Travel Trends and Statistics.html,2024 Solo Female Travel Trends and Statistics,blog,False,General Travel Narrative,Descriptive / Contextual,0.046,Reflective / Neutral,Neutral,,"The profile of a women traveling solo is not monolithic, and their needs vary, especially by age group. Products and marketing materials should adapt."
2024 Solo Female Travel Trends and Statistics.html_P242,2024 Solo Female Travel Trends and Statistics.html,2024 Solo Female Travel Trends and Statistics,blog,False,General Travel Narrative,Descriptive / Contextual,0.0435,Reflective / Neutral,Neutral,,"“I’d like to see ‘Great for solo travellers’ as a search option on travel sites in the same way they list short breaks, beach escapes, adventure holidays etc.”"
2024 Solo Female Travel Trends and Statistics.html_P243,2024 Solo Female Travel Trends and Statistics.html,2024 Solo Female Travel Trends and Statistics,blog,False,General Travel Narrative,Descriptive / Contextual,0.0435,Reflective / Neutral,Neutral,,"“I’d like to see ‘Great for solo travellers’ as a search option on travel sites in the same way they list short breaks, beach escapes, adventure holidays etc.”"
2024 Solo Female Travel Trends and Statistics.html_P244,2024 Solo Female Travel Trends and Statistics.html,2024 Solo Female Travel Trends and Statistics,blog,True,Perceived Safety,Subjective Security vs. Vulnerability,0.3425,Reflective / Neutral,Neutral,feel safe,"The data point: 8% would like more women-only travel offers / products / services and spaces as well as ways to find them. They want to support female led business, and feel safer with a female guide, driver, etc."
2024 Solo Female Travel Trends and Statistics.html_P245,2024 Solo Female Travel Trends and Statistics.html,2024 Solo Female Travel Trends and Statistics,blog,False,General Travel Narrative,Descriptive / Contextual,0.0418,Reflective / Neutral,Neutral,,"Just like products that are designed for families and couples, women traveling solo have their own needs and wants and should be offered matching products designed by experts who understand them."
2024 Solo Female Travel Trends and Statistics.html_P246,2024 Solo Female Travel Trends and Statistics.html,2024 Solo Female Travel Trends and Statistics,blog,True,Destination Image & Evaluation,Destination Safety Reputation,0.3781,Reflective / Neutral,Neutral,female friendly,"“We need more variety of female friendly products and services, from tours that aren’t centred around shopping and spas (because women have a variety of interests!), to backpacks designed for women – not pink ones, but ones built for shorter backs and more hip weight distribution, which is GENERALLY how our bodies are built – we aren’t short men!”"
2024 Solo Female Travel Trends and Statistics.html_P247,2024 Solo Female Travel Trends and Statistics.html,2024 Solo Female Travel Trends and Statistics,blog,True,Destination Image & Evaluation,Destination Safety Reputation,0.3781,Reflective / Neutral,Neutral,female friendly,"“We need more variety of female friendly products and services, from tours that aren’t centred around shopping and spas (because women have a variety of interests!), to backpacks designed for women – not pink ones, but ones built for shorter backs and more hip weight distribution, which is GENERALLY how our bodies are built – we aren’t short men!”"
2024 Solo Female Travel Trends and Statistics.html_P248,2024 Solo Female Travel Trends and Statistics.html,2024 Solo Female Travel Trends and Statistics,blog,False,General Travel Narrative,Descriptive / Contextual,0.0525,Reflective / Neutral,Neutral,,"It also includes treating solo travelers, men and women, as “less than” and lower value customers that can be provided a sub-par experience. As one respondent puts it,"
2024 Solo Female Travel Trends and Statistics.html_P249,2024 Solo Female Travel Trends and Statistics.html,2024 Solo Female Travel Trends and Statistics,blog,False,General Travel Narrative,Descriptive / Contextual,0.0354,Reflective / Neutral,Neutral,,"“More options specifically for solo travelers that aren’t the worst options, i.e. a table in the hallway or next to the kitchen, the worst room, being put in the corner, etc.”."
2024 Solo Female Travel Trends and Statistics.html_P250,2024 Solo Female Travel Trends and Statistics.html,2024 Solo Female Travel Trends and Statistics,blog,False,General Travel Narrative,Descriptive / Contextual,0.0354,Reflective / Neutral,Neutral,,"“More options specifically for solo travelers that aren’t the worst options, i.e. a table in the hallway or next to the kitchen, the worst room, being put in the corner, etc.”."
2024 Solo Female Travel Trends and Statistics.html_P251,2024 Solo Female Travel Trends and Statistics.html,2024 Solo Female Travel Trends and Statistics,blog,True,Travel Intention & Mobility Decisions,Solo Continuation & Advocacy,0.1611,Reflective / Neutral,Neutral,,"We are the future, and brands need to start realising that."
2024 Solo Female Travel Trends and Statistics.html_P252,2024 Solo Female Travel Trends and Statistics.html,2024 Solo Female Travel Trends and Statistics,blog,False,General Travel Narrative,Descriptive / Contextual,0.0409,Reflective / Neutral,Neutral,,5. Train hospitality staff to be aware and support solo female travelers
2024 Solo Female Travel Trends and Statistics.html_P253,2024 Solo Female Travel Trends and Statistics.html,2024 Solo Female Travel Trends and Statistics,blog,False,General Travel Narrative,Descriptive / Contextual,0.0283,Reflective / Neutral,Neutral,,"“Train hospitality staff, especially male staff, to be more aware of the dangers solo female travellers face, and be able to pick up on cues that some situations might need intervention.”"
2024 Solo Female Travel Trends and Statistics.html_P254,2024 Solo Female Travel Trends and Statistics.html,2024 Solo Female Travel Trends and Statistics,blog,False,General Travel Narrative,Descriptive / Contextual,0.0283,Reflective / Neutral,Neutral,,"“Train hospitality staff, especially male staff, to be more aware of the dangers solo female travellers face, and be able to pick up on cues that some situations might need intervention.”"
2024 Solo Female Travel Trends and Statistics.html_P255,2024 Solo Female Travel Trends and Statistics.html,2024 Solo Female Travel Trends and Statistics,blog,True,Perceived Safety,Subjective Security vs. Vulnerability,0.204,Vulnerability & Fear,Negative,uncomfortable,"Pointing out the fact that a woman is traveling without a companion is not only putting her in an uncomfortable situation, but also ignoring the risk to her safety this presents when others around her can also hear it."
2024 Solo Female Travel Trends and Statistics.html_P256,2024 Solo Female Travel Trends and Statistics.html,2024 Solo Female Travel Trends and Statistics,blog,False,General Travel Narrative,Descriptive / Contextual,0.0333,Reflective / Neutral,Neutral,,Businesses should train staff to pick on the cues and be aware of the situation to provide adequate advice that adapts to women’s needs. For example:
2024 Solo Female Travel Trends and Statistics.html_P257,2024 Solo Female Travel Trends and Statistics.html,2024 Solo Female Travel Trends and Statistics,blog,True,Perceived Safety,Subjective Security vs. Vulnerability,0.1937,Vulnerability & Fear,Negative,uncomfortable,"Avoid language or behavior that could unintentionally make women travelers uncomfortable, like “Just you?” or “Where is your husband?” or “How do your children survive without you?”."
2024 Solo Female Travel Trends and Statistics.html_P258,2024 Solo Female Travel Trends and Statistics.html,2024 Solo Female Travel Trends and Statistics,blog,True,Physical Constraints,Sexual Harassment & Unwanted Attention,0.6997,Reflective / Neutral,Neutral,"unwanted attention, harassed","How to spot solo female travelers in distress and offer sensitive help, for example women being harassed at a bar or receiving unwanted attention."
2024 Solo Female Travel Trends and Statistics.html_P259,2024 Solo Female Travel Trends and Statistics.html,2024 Solo Female Travel Trends and Statistics,blog,False,General Travel Narrative,Descriptive / Contextual,0.1174,Vulnerability & Fear,Negative,,Take note of details that could put female travelers in danger such as announcing their room number out loud at check in or at the breakfast room.
2024 Solo Female Travel Trends and Statistics.html_P260,2024 Solo Female Travel Trends and Statistics.html,2024 Solo Female Travel Trends and Statistics,blog,True,Physical Constraints,Accommodation & Property Security,0.4402,Reflective / Neutral,Neutral,ground floor,"Assigning rooms that are safer, such as those without direct window access to the street on a lower floor, far away from emergency exits or on ground floors with doors to the street."
2024 Solo Female Travel Trends and Statistics.html_P261,2024 Solo Female Travel Trends and Statistics.html,2024 Solo Female Travel Trends and Statistics,blog,True,Destination Image & Evaluation,Destination Safety Reputation,0.1891,Vulnerability & Fear,Negative,,"Provide solo women travelers specific advice such as safe / unsafe areas, the hotel’s telephone number in case of emergency, recommendations for getting around, common local scams or safety tips. Recognize common gaslighting of guests, with comments such as “Of course, our neighbourhood is safe” or “[City name} is as dangerous as any other city”."
2024 Solo Female Travel Trends and Statistics.html_P262,2024 Solo Female Travel Trends and Statistics.html,2024 Solo Female Travel Trends and Statistics,blog,False,General Travel Narrative,Descriptive / Contextual,0.044,Reflective / Neutral,Neutral,,"Know how to deal with sensitive situations such as what to do if a guest reports an incident with a member of the staff, asking her for her number, offering special treatment like free drinks or food or showing up to her room unannounced."
2024 Solo Female Travel Trends and Statistics.html_P263,2024 Solo Female Travel Trends and Statistics.html,2024 Solo Female Travel Trends and Statistics,blog,False,General Travel Narrative,Descriptive / Contextual,0.0491,Reflective / Neutral,Neutral,,E. Who participated in the Solo Female Travel Survey
2024 Solo Female Travel Trends and Statistics.html_P264,2024 Solo Female Travel Trends and Statistics.html,2024 Solo Female Travel Trends and Statistics,blog,False,General Travel Narrative,Descriptive / Contextual,0.0338,Reflective / Neutral,Neutral,,"Respondents were split between women who had traveled solo (approximately 2,000 responses) and those who had not traveled solo yet (approximately 800 responses), and each were asked to fill a unique list of questions, with the objective to:"
2024 Solo Female Travel Trends and Statistics.html_P265,2024 Solo Female Travel Trends and Statistics.html,2024 Solo Female Travel Trends and Statistics,blog,False,General Travel Narrative,Descriptive / Contextual,0.0524,Reflective / Neutral,Neutral,,"Provide the travel industry with accurate, updated and detailed solo travel insights, specifically of the needs, preferences, behaviors and challenges of solo female travelers;"
2024 Solo Female Travel Trends and Statistics.html_P266,2024 Solo Female Travel Trends and Statistics.html,2024 Solo Female Travel Trends and Statistics,blog,False,General Travel Narrative,Descriptive / Contextual,0.0516,Reflective / Neutral,Neutral,,"Shed more light into the attitudes of solo female travelers across the world, globally and by region, age group and experience solo traveling, towards marketing efforts, travel providers and destinations."
2024 Solo Female Travel Trends and Statistics.html_P267,2024 Solo Female Travel Trends and Statistics.html,2024 Solo Female Travel Trends and Statistics,blog,False,General Travel Narrative,Descriptive / Contextual,0.0746,Reflective / Neutral,Neutral,,"Understand the travel preferences of solo female travelers and help the travel industry make data-based decisions on product launches, product details and pricing with solo travel statistics and facts."
2024 Solo Female Travel Trends and Statistics.html_P268,2024 Solo Female Travel Trends and Statistics.html,2024 Solo Female Travel Trends and Statistics,blog,False,General Travel Narrative,Descriptive / Contextual,0.0,Reflective / Neutral,Neutral,,Respondents were distributed by age groups from 18 to 88 years old and came from over 90 countries.
2024 Solo Female Travel Trends and Statistics.html_P269,2024 Solo Female Travel Trends and Statistics.html,2024 Solo Female Travel Trends and Statistics,blog,True,Destination Image & Evaluation,Institutional & Police Trust,0.121,Reflective / Neutral,Neutral,,How We Can Help You: Our Services
2024 Solo Female Travel Trends and Statistics.html_P270,2024 Solo Female Travel Trends and Statistics.html,2024 Solo Female Travel Trends and Statistics,blog,False,General Travel Narrative,Descriptive / Contextual,0.0572,Reflective / Neutral,Neutral,,Are you looking to better tailor your offer to Solo Female Travelers? Do you want to better understand this segment to adapt your offer? Are you a hospitality leader who wants to train their team to be more aware of the needs and challenges of women who travel solo?
2024 Solo Female Travel Trends and Statistics.html_P271,2024 Solo Female Travel Trends and Statistics.html,2024 Solo Female Travel Trends and Statistics,blog,False,General Travel Narrative,Descriptive / Contextual,0.0742,Reflective / Neutral,Neutral,,Reach out to us to discuss how we can help you with in-depth data or with our in-depth expertise.
2024 Solo Female Travel Trends and Statistics.html_P272,2024 Solo Female Travel Trends and Statistics.html,2024 Solo Female Travel Trends and Statistics,blog,False,General Travel Narrative,Descriptive / Contextual,0.0694,Reflective / Neutral,Neutral,,1 Request a bespoke reportHave a query that our published statistics didn’t cover? Would you like a tailored report looking at a specific solo female traveler segment?
2024 Solo Female Travel Trends and Statistics.html_P273,2024 Solo Female Travel Trends and Statistics.html,2024 Solo Female Travel Trends and Statistics,blog,False,General Travel Narrative,Descriptive / Contextual,0.06,Reflective / Neutral,Neutral,,"Contact us to request a bespoke report, cutting / segmenting the data in a way that makes a difference to you."
2024 Solo Female Travel Trends and Statistics.html_P274,2024 Solo Female Travel Trends and Statistics.html,2024 Solo Female Travel Trends and Statistics,blog,False,General Travel Narrative,Descriptive / Contextual,0.039,Reflective / Neutral,Neutral,,"2 Learn how to serve solo female travelersWe provide consultancy services on how your business can better serve / cater to Solo Female Travelers, based on our annual survey insights and our 20+ years of experience as solo travelers and as leaders in the community."
2024 Solo Female Travel Trends and Statistics.html_P275,2024 Solo Female Travel Trends and Statistics.html,2024 Solo Female Travel Trends and Statistics,blog,False,General Travel Narrative,Descriptive / Contextual,0.0951,Reflective / Neutral,Neutral,,Learn how to adapt and enhance your product to perfectly suit the type of solo female traveler you want to target.
2024 Solo Female Travel Trends and Statistics.html_P276,2024 Solo Female Travel Trends and Statistics.html,2024 Solo Female Travel Trends and Statistics,blog,False,General Travel Narrative,Descriptive / Contextual,0.0236,Reflective / Neutral,Neutral,,3 Staff training for Female TravelersWe provide corporate and staff training to equip your employees with the knowledge and skills to properly serve Solo Female Travelers.
2024 Solo Female Travel Trends and Statistics.html_P277,2024 Solo Female Travel Trends and Statistics.html,2024 Solo Female Travel Trends and Statistics,blog,False,General Travel Narrative,Descriptive / Contextual,0.0479,Reflective / Neutral,Neutral,,We offer a range of learning options and can help you adapt your guest welcome processes or your concierge service.
2024 Solo Female Travel Trends and Statistics.html_P278,2024 Solo Female Travel Trends and Statistics.html,2024 Solo Female Travel Trends and Statistics,blog,False,General Travel Narrative,Descriptive / Contextual,0.0751,Reflective / Neutral,Neutral,,Read the previous annual reports here:
2024 Solo Female Travel Trends and Statistics.html_P279,2024 Solo Female Travel Trends and Statistics.html,2024 Solo Female Travel Trends and Statistics,blog,False,General Travel Narrative,Descriptive / Contextual,0.0342,Reflective / Neutral,Neutral,,The 2021 Solo Female Travel Survey results here.
2024 Solo Female Travel Trends and Statistics.html_P280,2024 Solo Female Travel Trends and Statistics.html,2024 Solo Female Travel Trends and Statistics,blog,False,General Travel Narrative,Descriptive / Contextual,0.0348,Reflective / Neutral,Neutral,,The 2022 Solo Female Travel Survey results here.
2024 Solo Female Travel Trends and Statistics.html_P281,2024 Solo Female Travel Trends and Statistics.html,2024 Solo Female Travel Trends and Statistics,blog,False,General Travel Narrative,Descriptive / Contextual,0.035,Reflective / Neutral,Neutral,,The 2023 Solo Female Travel Survey results here.
2024 Solo Female Travel Trends and Statistics.html_P282,2024 Solo Female Travel Trends and Statistics.html,2024 Solo Female Travel Trends and Statistics,blog,False,General Travel Narrative,Descriptive / Contextual,0.0361,Reflective / Neutral,Neutral,,The 2024 Solo Female Travel Survey results here.
2024 Solo Female Travel Trends and Statistics.html_P284,2024 Solo Female Travel Trends and Statistics.html,2024 Solo Female Travel Trends and Statistics,blog,False,General Travel Narrative,Descriptive / Contextual,0.0261,Reflective / Neutral,Neutral,,"Solo Female Travel Trends is a publication of Solo Female Travelers. Reproduction of this page / report without express permission is not allowed, except in the case of brief quotation. To quote or reference the survey results, it must be accompanied by a link back to this page as the original source."
2024 Solo Female Travel Trends and Statistics.html_P285,2024 Solo Female Travel Trends and Statistics.html,2024 Solo Female Travel Trends and Statistics,blog,False,General Travel Narrative,Descriptive / Contextual,0.0162,Reflective / Neutral,Neutral,,"This article contains information about Solo Female Travel. The information is not advice, and should not be treated as such. There are no representations or warranties, express or implied, about the completeness, accuracy, reliability, suitability, or availability with respect to the information provided. We do not represent, warrant, undertake or guarantee that the use of guidance in the report will lead to any particular outcome or result. The authors do not assume and hereby disclaims any liability to any party for any loss, damage, or disruption due to use (or misuse) of information, conclusions and insights."
25+ Solo Travel Safety Tips for Women _ Sojournies.html_P001,25+ Solo Travel Safety Tips for Women _ Sojournies.html,25+ Solo Travel Safety Tips for Women,blog,True,Perceived Safety,Subjective Security vs. Vulnerability,0.236,Vulnerability & Fear,Negative,fear,"“Is it safe to travel solo?” is one of the top questions I get when traveling alone. So it is critical to know solo travel safety tips to ease that anxiety and fear. I mean, hopping on a flight to another country abroad takes guts, but we still need to take precautions."
25+ Solo Travel Safety Tips for Women _ Sojournies.html_P002,25+ Solo Travel Safety Tips for Women _ Sojournies.html,25+ Solo Travel Safety Tips for Women,blog,False,General Travel Narrative,Descriptive / Contextual,0.1179,Reflective / Neutral,Neutral,,"There is nothing like that first solo trip. The mix of anxiousness and adrenaline makes it such an adventurous experience. And while there are many advantages and disadvantages to solo travel, and what we need to feel secure is relative, here are safety tips for traveling alone."
25+ Solo Travel Safety Tips for Women _ Sojournies.html_P003,25+ Solo Travel Safety Tips for Women _ Sojournies.html,25+ Solo Travel Safety Tips for Women,blog,False,General Travel Narrative,Descriptive / Contextual,0.0372,Reflective / Neutral,Neutral,,"(FYI: This post may have affiliate links. If you buy something using my link, I get a small percentage for mentioning/recommending it. Lucky for you, it doesn’t change the price for you at all, and it’s a super easy and generous way to say thanks for all the work I put into writing this post!!)"
25+ Solo Travel Safety Tips for Women _ Sojournies.html_P004,25+ Solo Travel Safety Tips for Women _ Sojournies.html,25+ Solo Travel Safety Tips for Women,blog,False,General Travel Narrative,Descriptive / Contextual,0.0379,Reflective / Neutral,Neutral,,There are many reasons why people travel solo. Some can find other people to travel with because it is difficult to align your schedule with your friends. Other people enjoy their time alone and don’t want to be bothered.
25+ Solo Travel Safety Tips for Women _ Sojournies.html_P005,25+ Solo Travel Safety Tips for Women _ Sojournies.html,25+ Solo Travel Safety Tips for Women,blog,False,General Travel Narrative,Descriptive / Contextual,0.0353,Reflective / Neutral,Neutral,,"Healing a broken heart is a popular reason why people travel alone. Others, like me, enjoy traveling alone because it is a pleasurable experience. It does not have to be sad!"
25+ Solo Travel Safety Tips for Women _ Sojournies.html_P007,25+ Solo Travel Safety Tips for Women _ Sojournies.html,25+ Solo Travel Safety Tips for Women,blog,True,Destination Image & Evaluation,Destination Safety Reputation,0.1276,Reflective / Neutral,Neutral,,"Most solo travelers don’t admit it, but traveling solo is risky. You are going to a new country or city where you know no one. You don’t speak the language, have to learn new navigation, and aren’t familiar with customs. These safety tips can reduce risk, but there is no way to make solo travel 100% safe."
25+ Solo Travel Safety Tips for Women _ Sojournies.html_P008,25+ Solo Travel Safety Tips for Women _ Sojournies.html,25+ Solo Travel Safety Tips for Women,blog,False,General Travel Narrative,Descriptive / Contextual,0.0655,Reflective / Neutral,Neutral,,Safety tips for solo female travelers before you go
25+ Solo Travel Safety Tips for Women _ Sojournies.html_P009,25+ Solo Travel Safety Tips for Women _ Sojournies.html,25+ Solo Travel Safety Tips for Women,blog,False,General Travel Narrative,Descriptive / Contextual,0.0,Reflective / Neutral,Neutral,,Understand your strengths and weaknesses
25+ Solo Travel Safety Tips for Women _ Sojournies.html_P010,25+ Solo Travel Safety Tips for Women _ Sojournies.html,25+ Solo Travel Safety Tips for Women,blog,False,General Travel Narrative,Descriptive / Contextual,0.0987,Vulnerability & Fear,Negative,,There can be a lot of solo travel anxiety before your solo trip! How do you navigate a new country? Are you a pro at eating alone? How well do you respond under pressure when no one you know is around? Are you open to meeting new people?
25+ Solo Travel Safety Tips for Women _ Sojournies.html_P011,25+ Solo Travel Safety Tips for Women _ Sojournies.html,25+ Solo Travel Safety Tips for Women,blog,False,General Travel Narrative,Descriptive / Contextual,0.043,Reflective / Neutral,Neutral,,"You should ask yourself these things when doing an inventory of your strengths and weaknesses. You never know what travel situations will arise on your trip. But knowing what you are, and are not good at, can help."
25+ Solo Travel Safety Tips for Women _ Sojournies.html_P012,25+ Solo Travel Safety Tips for Women _ Sojournies.html,25+ Solo Travel Safety Tips for Women,blog,True,Constraint Negotiation & Coping Strategies,Spatial & Temporal Planning,0.1814,Reflective / Neutral,Neutral,,Read up on the location’s news
25+ Solo Travel Safety Tips for Women _ Sojournies.html_P013,25+ Solo Travel Safety Tips for Women _ Sojournies.html,25+ Solo Travel Safety Tips for Women,blog,False,General Travel Narrative,Descriptive / Contextual,0.0839,Calculated Caution & Vigilance,Protective,,"Watching the news is one of the underrated solo travel safety tips. At the same time, a lot of information scares people into not traveling to certain places. Knowing about the current political context of the site you’re visiting is good. Because if there is civil unrest, chances are your trip might be canceled or delayed, so you can prepare just in case."
25+ Solo Travel Safety Tips for Women _ Sojournies.html_P014,25+ Solo Travel Safety Tips for Women _ Sojournies.html,25+ Solo Travel Safety Tips for Women,blog,False,General Travel Narrative,Descriptive / Contextual,0.0205,Reflective / Neutral,Neutral,,Travel insurance is one of those things that people often think they will never need. But options such as World Nomads and Safety Wing are helpful to invest in. And you pay for travel insurance based on the number of days you travel.
25+ Solo Travel Safety Tips for Women _ Sojournies.html_P015,25+ Solo Travel Safety Tips for Women _ Sojournies.html,25+ Solo Travel Safety Tips for Women,blog,True,Destination Image & Evaluation,Institutional & Police Trust,0.2255,Reflective / Neutral,Neutral,hospital,"Accidents happen while solo traveling, and sometimes a hospital is not nearby. But a travel first aid kit is handy because you have everything you need on the go. Be sure to buy one small enough not to take up too much space in your backpack or suitcase."
25+ Solo Travel Safety Tips for Women _ Sojournies.html_P016,25+ Solo Travel Safety Tips for Women _ Sojournies.html,25+ Solo Travel Safety Tips for Women,blog,False,General Travel Narrative,Descriptive / Contextual,0.0414,Reflective / Neutral,Neutral,,"Add protecting your technology to your solo travel safety tips! Many people must realize that most Wi-Fi, airports, and other public places are insecure. However, with a VPN, such as Surfshark, you can protect your data or any information on your devices with a private network."
25+ Solo Travel Safety Tips for Women _ Sojournies.html_P017,25+ Solo Travel Safety Tips for Women _ Sojournies.html,25+ Solo Travel Safety Tips for Women,blog,False,General Travel Narrative,Descriptive / Contextual,0.0785,Reflective / Neutral,Neutral,,"Something that most solo travelers don’t talk about is how expensive it is to travel by yourself. That’s why investing in a good travel credit card is critical. You can get points for your travel expenses, adding up to a free trip."
25+ Solo Travel Safety Tips for Women _ Sojournies.html_P018,25+ Solo Travel Safety Tips for Women _ Sojournies.html,25+ Solo Travel Safety Tips for Women,blog,False,General Travel Narrative,Descriptive / Contextual,0.0403,Reflective / Neutral,Neutral,,"My favorite is the Chase Sapphire Preferred, which has a $95 annual fee. You can rack up many points when eating, taking rideshares like Lyft, and other travel expenses. I’ve had other cards, but this one is a solid choice."
25+ Solo Travel Safety Tips for Women _ Sojournies.html_P019,25+ Solo Travel Safety Tips for Women _ Sojournies.html,25+ Solo Travel Safety Tips for Women,blog,False,General Travel Narrative,Descriptive / Contextual,0.0,Reflective / Neutral,Neutral,,Print copies of your documents
25+ Solo Travel Safety Tips for Women _ Sojournies.html_P020,25+ Solo Travel Safety Tips for Women _ Sojournies.html,25+ Solo Travel Safety Tips for Women,blog,True,Physical Constraints,Accommodation & Property Security,0.1954,Reflective / Neutral,Neutral,stolen,"Making copies of your important documents should be at the top of your solo travel safety tips list. These include your passport and a visa if you need one to enter the country. You never know when an emergency can arise. And just in case your passport is stolen, having backups is beneficial."
25+ Solo Travel Safety Tips for Women _ Sojournies.html_P021,25+ Solo Travel Safety Tips for Women _ Sojournies.html,25+ Solo Travel Safety Tips for Women,blog,False,General Travel Narrative,Descriptive / Contextual,0.0,Reflective / Neutral,Neutral,,Check your international data plan
25+ Solo Travel Safety Tips for Women _ Sojournies.html_P022,25+ Solo Travel Safety Tips for Women _ Sojournies.html,25+ Solo Travel Safety Tips for Women,blog,True,Constraint Negotiation & Coping Strategies,Digital & Communication Tactics,0.7844,Reflective / Neutral,Neutral,"sim card, local sim","We use our phones for everything these days, so having data at least is essential. So on your solo travel checklist, call your phone carrier to learn about your international data options. However, if those are too expensive, you can always get a local SIM card and the city/country you are visiting. You can also buy portable wi-fi like Travel Wifi!"
25+ Solo Travel Safety Tips for Women _ Sojournies.html_P023,25+ Solo Travel Safety Tips for Women _ Sojournies.html,25+ Solo Travel Safety Tips for Women,blog,False,General Travel Narrative,Descriptive / Contextual,0.0952,Reflective / Neutral,Neutral,,Tell your bank you are leaving
25+ Solo Travel Safety Tips for Women _ Sojournies.html_P024,25+ Solo Travel Safety Tips for Women _ Sojournies.html,25+ Solo Travel Safety Tips for Women,blog,False,General Travel Narrative,Descriptive / Contextual,0.1123,Reflective / Neutral,Neutral,,"Do not get your accounts closed! Before you head out for your solo trip, visit your bank. Let them know where you’ll be traveling and how long you’ll be gone so they can monitor for suspicious transactions. If not, they may cut off your cards, and you’ll have no money while on your solo trip."
25+ Solo Travel Safety Tips for Women _ Sojournies.html_P025,25+ Solo Travel Safety Tips for Women _ Sojournies.html,25+ Solo Travel Safety Tips for Women,blog,False,General Travel Narrative,Descriptive / Contextual,0.1178,Reflective / Neutral,Neutral,,How to be safe traveling alone as a woman
25+ Solo Travel Safety Tips for Women _ Sojournies.html_P026,25+ Solo Travel Safety Tips for Women _ Sojournies.html,25+ Solo Travel Safety Tips for Women,blog,False,General Travel Narrative,Descriptive / Contextual,0.1001,Reflective / Neutral,Neutral,,"You never know what can happen while you are traveling solo. Put your itinerary in Google Docs or Padlet, and share it with friends and family back home. Since you are traveling where you don’t know anyone, it’s good for others to see where you are."
25+ Solo Travel Safety Tips for Women _ Sojournies.html_P027,25+ Solo Travel Safety Tips for Women _ Sojournies.html,25+ Solo Travel Safety Tips for Women,blog,True,Perceived Safety,Subjective Security vs. Vulnerability,0.1982,Vulnerability & Fear,Negative,anxious,It is best to navigate a new place during the daytime! That’s when booking your flights try to avoid arriving at night. It may make you more anxious when you can’t see your surroundings. So an earlier flight can prevent that unnecessary anxiety.
25+ Solo Travel Safety Tips for Women _ Sojournies.html_P028,25+ Solo Travel Safety Tips for Women _ Sojournies.html,25+ Solo Travel Safety Tips for Women,blog,False,General Travel Narrative,Descriptive / Contextual,0.0586,Reflective / Neutral,Neutral,,"Only carry some of your money with you while traveling solo. Always have some cash in your suitcase or another hidden spot in your room. In case you are robbed, you want to have some backup money."
25+ Solo Travel Safety Tips for Women _ Sojournies.html_P030,25+ Solo Travel Safety Tips for Women _ Sojournies.html,25+ Solo Travel Safety Tips for Women,blog,False,General Travel Narrative,Descriptive / Contextual,0.0984,Reflective / Neutral,Neutral,,"Speaking of robberies, never use your back pockets. While this tip may sound like common sense, it still happens. For alternatives to using your back pockets, continue reading about the safety items you must purchase for your solo trip to learn about the belt bag."
25+ Solo Travel Safety Tips for Women _ Sojournies.html_P031,25+ Solo Travel Safety Tips for Women _ Sojournies.html,25+ Solo Travel Safety Tips for Women,blog,True,Social Constraints,Familial Anxiety & Societal Judgment,0.2863,Reflective / Neutral,Neutral,reckless,Do not engage in reckless behavior
25+ Solo Travel Safety Tips for Women _ Sojournies.html_P032,25+ Solo Travel Safety Tips for Women _ Sojournies.html,25+ Solo Travel Safety Tips for Women,blog,True,Social Constraints,Familial Anxiety & Societal Judgment,0.2085,Vulnerability & Fear,Negative,reckless,"I am all for being delusional and pursuing new adventures while traveling. However, there is a difference between curious and reckless. You do not want to get arrested or in trouble in a foreign country. So avoid situations that are illegal or put you in too much danger."
25+ Solo Travel Safety Tips for Women _ Sojournies.html_P033,25+ Solo Travel Safety Tips for Women _ Sojournies.html,25+ Solo Travel Safety Tips for Women,blog,False,General Travel Narrative,Descriptive / Contextual,0.0814,Reflective / Neutral,Neutral,,No one expects solo travelers to be fluent in every language of every country they visit. But knowing a few keywords and phrases is one of many resourceful solo travel safety tips. And it’s a great way to get to know a small part of the local community you are visiting.
25+ Solo Travel Safety Tips for Women _ Sojournies.html_P034,25+ Solo Travel Safety Tips for Women _ Sojournies.html,25+ Solo Travel Safety Tips for Women,blog,False,General Travel Narrative,Descriptive / Contextual,0.0632,Reflective / Neutral,Neutral,,Do not tell everyone you are traveling solo
25+ Solo Travel Safety Tips for Women _ Sojournies.html_P035,25+ Solo Travel Safety Tips for Women _ Sojournies.html,25+ Solo Travel Safety Tips for Women,blog,True,Constraint Negotiation & Coping Strategies,Intuition & Situational Awareness,0.4693,Calculated Caution & Vigilance,Protective,trust your gut,"Of all the safety tips for solo female travelers, this is one rule I break often. If you trust your gut, there may be one or two people you tell that you are traveling alone. But do not scream it from the rooftops. Be open yet discreet."
25+ Solo Travel Safety Tips for Women _ Sojournies.html_P036,25+ Solo Travel Safety Tips for Women _ Sojournies.html,25+ Solo Travel Safety Tips for Women,blog,False,General Travel Narrative,Descriptive / Contextual,0.0958,Reflective / Neutral,Neutral,,"Reading is fundamental. Whether you are booking a tour, transportation, or accommodations such as hostels, you need to read the reviews. They can tell you so much about other solo travelers’ experiences for you to make an informed decision about your trip."
25+ Solo Travel Safety Tips for Women _ Sojournies.html_P037,25+ Solo Travel Safety Tips for Women _ Sojournies.html,25+ Solo Travel Safety Tips for Women,blog,False,General Travel Narrative,Descriptive / Contextual,0.0,Reflective / Neutral,Neutral,,Negotiate transportation costs beforehand
25+ Solo Travel Safety Tips for Women _ Sojournies.html_P038,25+ Solo Travel Safety Tips for Women _ Sojournies.html,25+ Solo Travel Safety Tips for Women,blog,False,General Travel Narrative,Descriptive / Contextual,0.0392,Reflective / Neutral,Neutral,,"One of the biggest solo travel scams is being charged extra by taxis and other forms of transportation. Before you get in any vehicle, you need to negotiate the price before you go. Some drivers will try to charge extra for a ride."
25+ Solo Travel Safety Tips for Women _ Sojournies.html_P039,25+ Solo Travel Safety Tips for Women _ Sojournies.html,25+ Solo Travel Safety Tips for Women,blog,False,General Travel Narrative,Descriptive / Contextual,0.0688,Calculated Caution & Vigilance,Protective,,"While ATMs can be better for retrieving money than currency exchanges and airports, still be careful. Avoid ATMs and convenience stores, or third-party stations. I always take out cash at an ATM in the airport when I arrive. And when I’m in town, I go to a more crowded ATM in a public setting because they are less likely to be tampered with by robbers."
25+ Solo Travel Safety Tips for Women _ Sojournies.html_P040,25+ Solo Travel Safety Tips for Women _ Sojournies.html,25+ Solo Travel Safety Tips for Women,blog,False,General Travel Narrative,Descriptive / Contextual,0.0984,Reflective / Neutral,Neutral,,"An alternative is to wait until you get settled in your accommodations, walk around, and see where the locals are retrieving cash. Those are less likely to be tourist traps. As a solo traveler, you should also look up local banks and see where their ATMs are, as they tend to be more reputable and reliable."
25+ Solo Travel Safety Tips for Women _ Sojournies.html_P041,25+ Solo Travel Safety Tips for Women _ Sojournies.html,25+ Solo Travel Safety Tips for Women,blog,False,General Travel Narrative,Descriptive / Contextual,0.0361,Reflective / Neutral,Neutral,,Best safety tips for traveling alone
25+ Solo Travel Safety Tips for Women _ Sojournies.html_P042,25+ Solo Travel Safety Tips for Women _ Sojournies.html,25+ Solo Travel Safety Tips for Women,blog,False,General Travel Narrative,Descriptive / Contextual,0.1064,Reflective / Neutral,Neutral,,"Lying is one of the most unexpected but valuable safety tips for solo female travelers. When traveling in an Uber, say you are meeting with friends at your location. You can also mention that you have a fiancé if you get unwanted advances. But having a few key lies is helpful as an extra layer of protection for a solo traveler."
25+ Solo Travel Safety Tips for Women _ Sojournies.html_P043,25+ Solo Travel Safety Tips for Women _ Sojournies.html,25+ Solo Travel Safety Tips for Women,blog,False,General Travel Narrative,Descriptive / Contextual,0.0792,Reflective / Neutral,Neutral,,"While in a rideshare, there are some ways to protect yourself. If you are using Uber, change your settings so that you give the driver a code once you get in. This is one of my favorite solo travel safety tips because it guarantees that you have the right Uber driver. They must put the code in first before they can drive off."
25+ Solo Travel Safety Tips for Women _ Sojournies.html_P044,25+ Solo Travel Safety Tips for Women _ Sojournies.html,25+ Solo Travel Safety Tips for Women,blog,True,Constraint Negotiation & Coping Strategies,Digital & Communication Tactics,0.449,Empowerment & Confidence,Positive,"confidence, google maps","Fake it til you make it is the name of the game! Avoid looking down at your Google Maps when navigating to a tourist attraction, as it makes you look like a tourist. Try memorizing at least a few of the directions before you go. Confidence goes a long way; people will be less likely to target you."
25+ Solo Travel Safety Tips for Women _ Sojournies.html_P045,25+ Solo Travel Safety Tips for Women _ Sojournies.html,25+ Solo Travel Safety Tips for Women,blog,False,General Travel Narrative,Descriptive / Contextual,0.1055,Reflective / Neutral,Neutral,,Download the local transportation app
25+ Solo Travel Safety Tips for Women _ Sojournies.html_P046,25+ Solo Travel Safety Tips for Women _ Sojournies.html,25+ Solo Travel Safety Tips for Women,blog,False,General Travel Narrative,Descriptive / Contextual,0.0505,Reflective / Neutral,Neutral,,"Uber is a common rideshare transportation app. Yet, some cities have apps to help you navigate that are better. When researching a town for a trip, be sure to check if there is a better option."
25+ Solo Travel Safety Tips for Women _ Sojournies.html_P047,25+ Solo Travel Safety Tips for Women _ Sojournies.html,25+ Solo Travel Safety Tips for Women,blog,False,General Travel Narrative,Descriptive / Contextual,0.0432,Reflective / Neutral,Neutral,,Top 5 safety devices for solo travelers
25+ Solo Travel Safety Tips for Women _ Sojournies.html_P048,25+ Solo Travel Safety Tips for Women _ Sojournies.html,25+ Solo Travel Safety Tips for Women,blog,True,Physical Constraints,Accommodation & Property Security,0.2491,Reflective / Neutral,Neutral,,"Of all the solo travel safety tips, this one is key for staying in hostels, hotels, and Airbnb. A door alarm or lock makes solo female travelers feel more secure in their accommodations. I recommend this one that slides under your door and this one that slides on the side. I carry both because every door is different."
25+ Solo Travel Safety Tips for Women _ Sojournies.html_P049,25+ Solo Travel Safety Tips for Women _ Sojournies.html,25+ Solo Travel Safety Tips for Women,blog,True,Constraint Negotiation & Coping Strategies,Digital & Communication Tactics,0.4299,Reflective / Neutral,Neutral,google maps,"We often use our phones, from taking photos and videos to navigating via Google Maps. Therefore, buying a portable charger like this one from Anker is a must-do safety tip for solo female travelers. It prevents our phones from dying and us from being lost as we travel."
25+ Solo Travel Safety Tips for Women _ Sojournies.html_P050,25+ Solo Travel Safety Tips for Women _ Sojournies.html,25+ Solo Travel Safety Tips for Women,blog,False,General Travel Narrative,Descriptive / Contextual,0.0877,Reflective / Neutral,Neutral,,"Another critical safety item for solo female travelers is a safety alarm. Unlike the door alarms, this Birdie one you carry with you to create a distraction. The warning has a loud siren and strobe light that signals to others you are in trouble."
25+ Solo Travel Safety Tips for Women _ Sojournies.html_P051,25+ Solo Travel Safety Tips for Women _ Sojournies.html,25+ Solo Travel Safety Tips for Women,blog,False,General Travel Narrative,Descriptive / Contextual,0.0981,Reflective / Neutral,Neutral,,"I thought belt bags were overhyped. But after I purchased this one from Beis, I fell in love. Their sports pack is convenient because it feels like another hand or pocket (which I often need as a solo traveler)."
25+ Solo Travel Safety Tips for Women _ Sojournies.html_P052,25+ Solo Travel Safety Tips for Women _ Sojournies.html,25+ Solo Travel Safety Tips for Women,blog,False,General Travel Narrative,Descriptive / Contextual,0.057,Reflective / Neutral,Neutral,,I recommend putting your essential documents in this bag when boarding any transportation during your trip. A belt bag is also suitable for smaller items when you are hiking. Just make sure you put the pocket in front of you so no one can pick your pocket.
25+ Solo Travel Safety Tips for Women _ Sojournies.html_P053,25+ Solo Travel Safety Tips for Women _ Sojournies.html,25+ Solo Travel Safety Tips for Women,blog,True,Physical Constraints,Accommodation & Property Security,0.216,Reflective / Neutral,Neutral,,This last tip is for solo travelers who will stay in hostels. You will need a lock if you decide to book a dorm instead of a private room. Solo female travelers store their backpacks and other belongings in a locker. But many need to bring a padlock lock to keep their stuff safe. Pack one TSA-safe with you so you can also use it on the plane.
25+ Solo Travel Safety Tips for Women _ Sojournies.html_P054,25+ Solo Travel Safety Tips for Women _ Sojournies.html,25+ Solo Travel Safety Tips for Women,blog,True,Perceived Safety,Subjective Security vs. Vulnerability,0.2436,Vulnerability & Fear,Negative,scared,"What is the best solo travel safety tip? Do it, scared!"
25+ Solo Travel Safety Tips for Women _ Sojournies.html_P055,25+ Solo Travel Safety Tips for Women _ Sojournies.html,25+ Solo Travel Safety Tips for Women,blog,True,Perceived Safety,Subjective Security vs. Vulnerability,0.407,Vulnerability & Fear,Negative,"fear, scared",Fear stops so many people from solo traveling. But you should channel that fear and travel scared anyway. There is something about challenging yourself and doing an experience out of your comfort zone that is exhilarating.
25+ Solo Travel Safety Tips for Women _ Sojournies.html_P056,25+ Solo Travel Safety Tips for Women _ Sojournies.html,25+ Solo Travel Safety Tips for Women,blog,False,General Travel Narrative,Descriptive / Contextual,0.0938,Vulnerability & Fear,Negative,,"However, you cannot control every aspect of a solo trip. Anything can happen anywhere, but don’t let your life pass you by. While you cannot prepare for everything, I hope these solo travel safety tips ease your anxiety!"
25+ Solo Travel Safety Tips for Women _ Sojournies.html_P057,25+ Solo Travel Safety Tips for Women _ Sojournies.html,25+ Solo Travel Safety Tips for Women,blog,False,General Travel Narrative,Descriptive / Contextual,0.086,Reflective / Neutral,Neutral,,"Are you ready to book that solo trip now? If so, you need these tips to plan it like a pro!"
25+ Solo Travel Safety Tips for Women _ Sojournies.html_P058,25+ Solo Travel Safety Tips for Women _ Sojournies.html,25+ Solo Travel Safety Tips for Women,blog,False,General Travel Narrative,Descriptive / Contextual,0.0915,Reflective / Neutral,Neutral,,"Is Solo Travel Boring? How to Make Solo Travel Fun and SafeJuly 31, 2023In ""Blog"""
25+ Solo Travel Safety Tips for Women _ Sojournies.html_P059,25+ Solo Travel Safety Tips for Women _ Sojournies.html,25+ Solo Travel Safety Tips for Women,blog,False,General Travel Narrative,Descriptive / Contextual,0.056,Reflective / Neutral,Neutral,,"Is Solo Travel Worth It? My Experience as a Black WomanJuly 24, 2023In ""Black Travel"""
25+ Solo Travel Safety Tips for Women _ Sojournies.html_P060,25+ Solo Travel Safety Tips for Women _ Sojournies.html,25+ Solo Travel Safety Tips for Women,blog,False,General Travel Narrative,Descriptive / Contextual,0.0299,Reflective / Neutral,Neutral,,"How to Travel Alone for the First TimeJuly 10, 2023In ""Black Travel"""
25+ Solo Travel Safety Tips for Women _ Sojournies.html_P061,25+ Solo Travel Safety Tips for Women _ Sojournies.html,25+ Solo Travel Safety Tips for Women,blog,True,Travel Intention & Mobility Decisions,Destination Choice & Route Avoidance,0.3867,Empowerment & Confidence,Positive,"bucket list, freedom","Sojourner White is the social worker turned award-winning travel storyteller, entrepreneur, and filmmaker behind Sojournies. Hailing from Milwaukee, Wisconsin, Sojourner uses her journey of being a study abroad student, English teacher, and remote social worker to help others fulfill their career goals and bucket list dreams to bask in freedom and flexibility outside the office. Her work unpacks the nuances of travel as leisure, learning, and life-changing and those sojournies have captivated her audience of over 200K+ across platforms, which garnered her the title “Train Travel Queen.” You can find Sojourner’s words in Travel + Leisure, USA Today, Lonely Planet, Tripadvisor, USA Today, and many more."
25+ Solo Travel Safety Tips for Women _ Sojournies.html_P062,25+ Solo Travel Safety Tips for Women _ Sojournies.html,25+ Solo Travel Safety Tips for Women,blog,False,General Travel Narrative,Descriptive / Contextual,0.0575,Reflective / Neutral,Neutral,,How to Plan a Solo Train Trip to Niagara Falls on Amtrak
25+ Solo Travel Safety Tips for Women _ Sojournies.html_P063,25+ Solo Travel Safety Tips for Women _ Sojournies.html,25+ Solo Travel Safety Tips for Women,blog,False,General Travel Narrative,Descriptive / Contextual,0.0894,Reflective / Neutral,Neutral,,"7-Day Kenya Itinerary: Nairobi, Lake Nakuru and Maasai Mara Safaris"
25+ Solo Travel Safety Tips for Women _ Sojournies.html_P064,25+ Solo Travel Safety Tips for Women _ Sojournies.html,25+ Solo Travel Safety Tips for Women,blog,False,General Travel Narrative,Descriptive / Contextual,0.088,Reflective / Neutral,Neutral,,"Black Solo Female Travel Guide: Oaxaca City, Mexico"
25+ Solo Travel Safety Tips for Women _ Sojournies.html_P065,25+ Solo Travel Safety Tips for Women _ Sojournies.html,25+ Solo Travel Safety Tips for Women,blog,False,General Travel Narrative,Descriptive / Contextual,0.0869,Reflective / Neutral,Neutral,,Jose Cuervo Express Train: How to Plan Your Tequila Train Trip
25+ Solo Travel Safety Tips for Women _ Sojournies.html_P066,25+ Solo Travel Safety Tips for Women _ Sojournies.html,25+ Solo Travel Safety Tips for Women,blog,False,General Travel Narrative,Descriptive / Contextual,0.0668,Reflective / Neutral,Neutral,,PeruRail Luxury Train from Cusco to Lake Titicaca
25+ Solo Travel Safety Tips for Women _ Sojournies.html_P067,25+ Solo Travel Safety Tips for Women _ Sojournies.html,25+ Solo Travel Safety Tips for Women,blog,False,General Travel Narrative,Descriptive / Contextual,0.0368,Reflective / Neutral,Neutral,,Black Solo Female Travel Guide: Peru
25+ Solo Travel Safety Tips for Women _ Sojournies.html_P068,25+ Solo Travel Safety Tips for Women _ Sojournies.html,25+ Solo Travel Safety Tips for Women,blog,False,General Travel Narrative,Descriptive / Contextual,0.0641,Reflective / Neutral,Neutral,,"Solo Train Travel Guide: A Holiday Day Trip to Portland, Maine"
25+ Solo Travel Safety Tips for Women _ Sojournies.html_P069,25+ Solo Travel Safety Tips for Women _ Sojournies.html,25+ Solo Travel Safety Tips for Women,blog,False,General Travel Narrative,Descriptive / Contextual,0.0329,Reflective / Neutral,Neutral,,Black Solo Female Travel Guide: Colombia
25+ Solo Travel Safety Tips for Women _ Sojournies.html_P070,25+ Solo Travel Safety Tips for Women _ Sojournies.html,25+ Solo Travel Safety Tips for Women,blog,False,General Travel Narrative,Descriptive / Contextual,0.0268,Reflective / Neutral,Neutral,,Black Travel Groups to Join and Inspire You to Travel
25+ Solo Travel Safety Tips for Women _ Sojournies.html_P071,25+ Solo Travel Safety Tips for Women _ Sojournies.html,25+ Solo Travel Safety Tips for Women,blog,False,General Travel Narrative,Descriptive / Contextual,0.0826,Reflective / Neutral,Neutral,,Being Black in Europe: As Told By Black Americans
5 surprising things you learn as a solo female traveler - Young Adventuress.html_P001,5 surprising things you learn as a solo female traveler - Young Adventuress.html,5 surprising things you learn as a solo female traveler,blog,False,General Travel Narrative,Descriptive / Contextual,0.0586,Reflective / Neutral,Neutral,,Home » Blog » Adventures » 5 surprising things you learn as a solo female traveler
5 surprising things you learn as a solo female traveler - Young Adventuress.html_P002,5 surprising things you learn as a solo female traveler - Young Adventuress.html,5 surprising things you learn as a solo female traveler,blog,False,General Travel Narrative,Descriptive / Contextual,0.0814,Reflective / Neutral,Neutral,,How easy would life be if we could just agree on everything?
5 surprising things you learn as a solo female traveler - Young Adventuress.html_P003,5 surprising things you learn as a solo female traveler - Young Adventuress.html,5 surprising things you learn as a solo female traveler,blog,True,Experiential Well-Being & Self-Leadership,Empowerment & Self-Efficacy,0.2064,Empowerment & Confidence,Positive,confidence,"But where’s the fun in that? I’ve got a lot of opinions about a lot of things, though I spent most of my life keeping my thoughts to myself. It wasn’t until I went away to college that I finally found confidence in expressing them. Maybe it’s been the same journey for you too."
5 surprising things you learn as a solo female traveler - Young Adventuress.html_P004,5 surprising things you learn as a solo female traveler - Young Adventuress.html,5 surprising things you learn as a solo female traveler,blog,False,General Travel Narrative,Descriptive / Contextual,0.0523,Reflective / Neutral,Neutral,,"Where was I going with this? Ah yes, one of my big big BIG opinions that I frequently and loudly profess in real life as well as online is the following; I am a strong believer that all women should travel solo, at least once in their lives."
5 surprising things you learn as a solo female traveler - Young Adventuress.html_P005,5 surprising things you learn as a solo female traveler - Young Adventuress.html,5 surprising things you learn as a solo female traveler,blog,False,General Travel Narrative,Descriptive / Contextual,0.0,Reflective / Neutral,Neutral,,"Looking at that statement, on the surface it really doesn’t seem too bold or controversial, and yet sadly it’s filled with layers and layers of complications."
5 surprising things you learn as a solo female traveler - Young Adventuress.html_P006,5 surprising things you learn as a solo female traveler - Young Adventuress.html,5 surprising things you learn as a solo female traveler,blog,False,General Travel Narrative,Descriptive / Contextual,0.0478,Reflective / Neutral,Neutral,,It’s been ages since my Solo Female Traveler’s Manifesto and I thought it was high time to revisit a topic close to my heart.
5 surprising things you learn as a solo female traveler - Young Adventuress.html_P007,5 surprising things you learn as a solo female traveler - Young Adventuress.html,5 surprising things you learn as a solo female traveler,blog,False,General Travel Narrative,Descriptive / Contextual,0.0529,Reflective / Neutral,Neutral,,"The sad truth is that many women chose not to travel alone, for one reason or anything – there is always a reason, or better put, an excuse. And I am not saying that all women should become perpetual solo travelers either; everyone has their own way of living and travel style, and I don’t know about you guys, but when people tell me what to do or how to live, I immediately do the opposite."
5 surprising things you learn as a solo female traveler - Young Adventuress.html_P008,5 surprising things you learn as a solo female traveler - Young Adventuress.html,5 surprising things you learn as a solo female traveler,blog,False,General Travel Narrative,Descriptive / Contextual,0.0364,Calculated Caution & Vigilance,Protective,,"This case is different; hear me out. I believe it’s up to you to decide when and where and how you travel. All of us are different and work and function (or like me, not function) in different ways. But I thought as I like to overshare as a general rule, I’d go ahead and talk about 5 things I’ve learned over the years as a perpetual solo female traveler and what it’s taught me about life. Cuz it’s a lot."
5 surprising things you learn as a solo female traveler - Young Adventuress.html_P009,5 surprising things you learn as a solo female traveler - Young Adventuress.html,5 surprising things you learn as a solo female traveler,blog,False,General Travel Narrative,Descriptive / Contextual,0.0,Empowerment & Confidence,Positive,,"1. You find some independence, hopefully"
5 surprising things you learn as a solo female traveler - Young Adventuress.html_P010,5 surprising things you learn as a solo female traveler - Young Adventuress.html,5 surprising things you learn as a solo female traveler,blog,True,Experiential Well-Being & Self-Leadership,Empowerment & Self-Efficacy,0.2245,Empowerment & Confidence,Positive,independent,"It’s not to say I wasn’t independent before I took my first trip alone, but until you have to organize and sort out everything on your own, make snap decisions on the road, stay on budget and basically take care of yourself without someone to lean on, you never are really independent, are you?"
5 surprising things you learn as a solo female traveler - Young Adventuress.html_P011,5 surprising things you learn as a solo female traveler - Young Adventuress.html,5 surprising things you learn as a solo female traveler,blog,False,General Travel Narrative,Descriptive / Contextual,0.0309,Reflective / Neutral,Neutral,,"This is probably going to get me hate mail, but I have met sooooo many girls over the years who are dependent, needy, first-class clingers who are basically incapable of getting around without a friend, family member or boyfriend in tow. I’m sure you’ve seen it. Girls who are incapable of being alone."
5 surprising things you learn as a solo female traveler - Young Adventuress.html_P012,5 surprising things you learn as a solo female traveler - Young Adventuress.html,5 surprising things you learn as a solo female traveler,blog,False,General Travel Narrative,Descriptive / Contextual,0.0294,Reflective / Neutral,Neutral,,"Obviously I’ve met plenty of girls who are the opposite too, there’s a massive range, but the ones that stick in my mind are the ones who either blow me away with how strong they are, or the ones that I can’t really wrap my head around how they function day to day."
5 surprising things you learn as a solo female traveler - Young Adventuress.html_P013,5 surprising things you learn as a solo female traveler - Young Adventuress.html,5 surprising things you learn as a solo female traveler,blog,False,General Travel Narrative,Descriptive / Contextual,0.0413,Reflective / Neutral,Neutral,,"Do we hear guys talking about the same problem? And usually when people worry about solo travelers, it’s geared towards women, like we can’t take care of ourselves. Ah Ben is going to travel South America for 3 months, good for him! But when Liz wants to go to Africa, oh no no no!"
5 surprising things you learn as a solo female traveler - Young Adventuress.html_P014,5 surprising things you learn as a solo female traveler - Young Adventuress.html,5 surprising things you learn as a solo female traveler,blog,False,General Travel Narrative,Descriptive / Contextual,0.0317,Reflective / Neutral,Neutral,,"I don’t know about you all, but I don’t want that stereotype to perpetuate any longer!"
5 surprising things you learn as a solo female traveler - Young Adventuress.html_P015,5 surprising things you learn as a solo female traveler - Young Adventuress.html,5 surprising things you learn as a solo female traveler,blog,False,General Travel Narrative,Descriptive / Contextual,0.0574,Reflective / Neutral,Neutral,,I believe that every girl should hit the road at some point in their lives alone. No companions. Just roam.
5 surprising things you learn as a solo female traveler - Young Adventuress.html_P016,5 surprising things you learn as a solo female traveler - Young Adventuress.html,5 surprising things you learn as a solo female traveler,blog,False,General Travel Narrative,Descriptive / Contextual,0.0396,Empowerment & Confidence,Positive,,"For me, all of those decisions, my independence is second-nature now. I don’t think twice about it. It doesn’t seem hard or challenging to me anymore. In fact, traveling in a group now is MORE difficult for me. Who would have ever thought?"
5 surprising things you learn as a solo female traveler - Young Adventuress.html_P017,5 surprising things you learn as a solo female traveler - Young Adventuress.html,5 surprising things you learn as a solo female traveler,blog,False,General Travel Narrative,Descriptive / Contextual,0.0565,Reflective / Neutral,Neutral,,Solo travel taught me to grow up and that is only ever one person in the entire world you can always depend on – yourself.
5 surprising things you learn as a solo female traveler - Young Adventuress.html_P018,5 surprising things you learn as a solo female traveler - Young Adventuress.html,5 surprising things you learn as a solo female traveler,blog,False,General Travel Narrative,Descriptive / Contextual,0.0768,Reflective / Neutral,Neutral,,2. You’ll grow some travel smarts and learn that you can trust people
5 surprising things you learn as a solo female traveler - Young Adventuress.html_P019,5 surprising things you learn as a solo female traveler - Young Adventuress.html,5 surprising things you learn as a solo female traveler,blog,False,General Travel Narrative,Descriptive / Contextual,0.0888,Reflective / Neutral,Neutral,,In my opinion one of the best things you learn traveling alone is intuition. Hear me out!
5 surprising things you learn as a solo female traveler - Young Adventuress.html_P020,5 surprising things you learn as a solo female traveler - Young Adventuress.html,5 surprising things you learn as a solo female traveler,blog,False,General Travel Narrative,Descriptive / Contextual,0.0648,Reflective / Neutral,Neutral,,"In this day and age I think people like hard facts, not wishy-washy philosophical ideas. I feel like many people want to know exactly what they are going to get out of a trip, travel or experience abroad, and to hear someone reply with “intuition” isn’t exactly concrete."
5 surprising things you learn as a solo female traveler - Young Adventuress.html_P021,5 surprising things you learn as a solo female traveler - Young Adventuress.html,5 surprising things you learn as a solo female traveler,blog,False,General Travel Narrative,Descriptive / Contextual,0.0708,Reflective / Neutral,Neutral,,"That being said, I stand by 100% in my statement that over time, traveling alone will give you certain instincts; likely you’ll learn to read people really well, understand the difference between someone being friendly and when it’s weird, and when you are ok, or when you should run like hell."
5 surprising things you learn as a solo female traveler - Young Adventuress.html_P022,5 surprising things you learn as a solo female traveler - Young Adventuress.html,5 surprising things you learn as a solo female traveler,blog,True,Perceived Safety,Subjective Security vs. Vulnerability,0.2145,Vulnerability & Fear,Negative,uncomfortable,"I think a big reason why I never really have problems on the road is that I can read situations very, very well, and if I feel uncomfortable in any way, I’m out of there. Boom. Gone. I have some serious self-preservation skills and I have no intention of ending tied up in the back of someone’s van."
5 surprising things you learn as a solo female traveler - Young Adventuress.html_P023,5 surprising things you learn as a solo female traveler - Young Adventuress.html,5 surprising things you learn as a solo female traveler,blog,False,General Travel Narrative,Descriptive / Contextual,0.0513,Reflective / Neutral,Neutral,,"That being said, one of my absolute favorite things about travel is meeting locals, and getting to know them and share experiences or beautiful moments on the road. I never want to compromise that. That means I’m moderately skeptical but still openminded when I meet locals traveling. I like trusting people, and I don’t want to lose that or become suspicious or bitter. I like being open."
5 surprising things you learn as a solo female traveler - Young Adventuress.html_P024,5 surprising things you learn as a solo female traveler - Young Adventuress.html,5 surprising things you learn as a solo female traveler,blog,True,Constraint Negotiation & Coping Strategies,Intuition & Situational Awareness,0.1449,Calculated Caution & Vigilance,Protective,,Cautious optimism and intuition comes with experience.
5 surprising things you learn as a solo female traveler - Young Adventuress.html_P025,5 surprising things you learn as a solo female traveler - Young Adventuress.html,5 surprising things you learn as a solo female traveler,blog,False,General Travel Narrative,Descriptive / Contextual,0.0262,Reflective / Neutral,Neutral,,"I get a lot of questions about where first time solo travelers should head, and I tend to say stick to “easier” or “friendlier” places first and build from there. Obviously, that part is questionable and varies person to person, but in my opinion, it’s better to build up and gain experience with each place you visit. Like maybe try Iceland before Egypt or New Zealand before Russia. But honestly, it doesn’t really matter. Sink or swim, you’ll learn either way."
5 surprising things you learn as a solo female traveler - Young Adventuress.html_P027,5 surprising things you learn as a solo female traveler - Young Adventuress.html,5 surprising things you learn as a solo female traveler,blog,False,General Travel Narrative,Descriptive / Contextual,0.0521,Vulnerability & Fear,Negative,,3. You’ll learn that the world isn’t actually that dangerous
5 surprising things you learn as a solo female traveler - Young Adventuress.html_P028,5 surprising things you learn as a solo female traveler - Young Adventuress.html,5 surprising things you learn as a solo female traveler,blog,False,General Travel Narrative,Descriptive / Contextual,0.0985,Vulnerability & Fear,Negative,,"I love this – the world isn’t as dangerous as we are told all the freaking time. News. Social media. Our families. We live in a world filled with negative stereotypes, generalizations, phobias and fears, and I fucking hate it. I hate it!"
5 surprising things you learn as a solo female traveler - Young Adventuress.html_P029,5 surprising things you learn as a solo female traveler - Young Adventuress.html,5 surprising things you learn as a solo female traveler,blog,False,General Travel Narrative,Descriptive / Contextual,0.0961,Reflective / Neutral,Neutral,,"If there is one lesson I value above all others from my experiences traveling, it’s that it’s taught me to ignore all of the negativity (within reason) and realize that people are people, no matter what color their skin is, what their religion is, or where they are from. Of course, there are bad people everywhere and shit does happen, but in comparison to all the beautiful souls out there and all the amazing, positive happy things you experience traveling, the good outweighs the bad."
5 surprising things you learn as a solo female traveler - Young Adventuress.html_P030,5 surprising things you learn as a solo female traveler - Young Adventuress.html,5 surprising things you learn as a solo female traveler,blog,False,General Travel Narrative,Descriptive / Contextual,0.0482,Reflective / Neutral,Neutral,,"Violence against women is an international problem, and I don’t really see how it’s related to travel. Look at all these women getting raped in the US and the rapists go unpunished. Are we really a nation to be tossing judgements around about safety for women overseas?"
5 surprising things you learn as a solo female traveler - Young Adventuress.html_P031,5 surprising things you learn as a solo female traveler - Young Adventuress.html,5 surprising things you learn as a solo female traveler,blog,False,General Travel Narrative,Descriptive / Contextual,0.088,Vulnerability & Fear,Negative,,Terrible things can happen at home and overseas; what does travel have to do with it? Are we really in MORE danger in a foreign place?
5 surprising things you learn as a solo female traveler - Young Adventuress.html_P032,5 surprising things you learn as a solo female traveler - Young Adventuress.html,5 surprising things you learn as a solo female traveler,blog,False,General Travel Narrative,Descriptive / Contextual,0.0296,Reflective / Neutral,Neutral,,"I wish more people would tell me good job for getting out and seeing the world on my own than warning me against it. Especially from people who travel less than I do. Um, I think I *might* know better about my own safety, thankyouverymuch."
5 surprising things you learn as a solo female traveler - Young Adventuress.html_P033,5 surprising things you learn as a solo female traveler - Young Adventuress.html,5 surprising things you learn as a solo female traveler,blog,True,Physical Constraints,Infrastructure & Transit Vulnerability,0.2021,Vulnerability & Fear,Negative,metro,"The only time I have ever felt truly threatened and afraid was on the metro in Washington D.C. where I grew up. Not Turkey. Not Egypt. Not Spain. Not Mongolia, and definitely not New Zealand or the 40 other countries I have been to. I wish people would remember that."
5 surprising things you learn as a solo female traveler - Young Adventuress.html_P034,5 surprising things you learn as a solo female traveler - Young Adventuress.html,5 surprising things you learn as a solo female traveler,blog,False,General Travel Narrative,Descriptive / Contextual,0.0749,Reflective / Neutral,Neutral,,"On a side-note, while I believe the world is actually a lot safer than we are led to believe, accidents do still happen on the road, often when we are least expecting them! Which is why it’s so important to have a suitable travel insurance plan in place. I use World Nomads Travel Insurance, who I 100% recommend. Their policies are customizable, affordable AND include almost every adventure sport you can think of!"
5 surprising things you learn as a solo female traveler - Young Adventuress.html_P035,5 surprising things you learn as a solo female traveler - Young Adventuress.html,5 surprising things you learn as a solo female traveler,blog,False,General Travel Narrative,Descriptive / Contextual,0.0,Reflective / Neutral,Neutral,,4. Relating to anyone is a skill you’ll pick up if you’re openminded
5 surprising things you learn as a solo female traveler - Young Adventuress.html_P036,5 surprising things you learn as a solo female traveler - Young Adventuress.html,5 surprising things you learn as a solo female traveler,blog,True,Experiential Well-Being & Self-Leadership,Empowerment & Self-Efficacy,0.1879,Reflective / Neutral,Neutral,transformative,"I started traveling alone when I was 19. When I look back on the person who I was and the person I am today, I couldn’t be happier. I can’t wait to see how I turn out when I’m 80. I am a big believer in the transformative power of travel, and I love that experiences overseas and around the world can help shape and mold you, even make you into a better person if you let them, you know, in a non-hippie kind of way."
5 surprising things you learn as a solo female traveler - Young Adventuress.html_P037,5 surprising things you learn as a solo female traveler - Young Adventuress.html,5 surprising things you learn as a solo female traveler,blog,False,General Travel Narrative,Descriptive / Contextual,0.0317,Reflective / Neutral,Neutral,,"Perhaps the most important skill I’ve picked up from solo traveling, at least the most important to me personally, is learning to be able to relate to anyone I meet on the road. Seriously, anyone."
5 surprising things you learn as a solo female traveler - Young Adventuress.html_P038,5 surprising things you learn as a solo female traveler - Young Adventuress.html,5 surprising things you learn as a solo female traveler,blog,False,General Travel Narrative,Descriptive / Contextual,0.024,Reflective / Neutral,Neutral,,"As much as I am an introvert at heart, I love talking to strangers and meeting people on the road. Without any companions or friends to lean on, I had to learn this on my own."
5 surprising things you learn as a solo female traveler - Young Adventuress.html_P039,5 surprising things you learn as a solo female traveler - Young Adventuress.html,5 surprising things you learn as a solo female traveler,blog,False,General Travel Narrative,Descriptive / Contextual,0.065,Reflective / Neutral,Neutral,,"I’ve made it a point in all my years of travel to be openminded, especially around people I don’t necessarily agree with or even like. Whether it’s a camel driver in the deserts of Jordan or shopkeeper in Indonesia, a sheep farmer in New Zealand or even an eagle hunter in Mongolia, people of all walks of life who couldn’t live or be any different from me, I still want to be able to sit down and talk to them, pick their brains, share stories and maybe even have a moment."
5 surprising things you learn as a solo female traveler - Young Adventuress.html_P040,5 surprising things you learn as a solo female traveler - Young Adventuress.html,5 surprising things you learn as a solo female traveler,blog,True,Perceived Safety,Subjective Security vs. Vulnerability,0.1814,Vulnerability & Fear,Negative,fear,"My biggest fear is coming off as a cold, disinterested foreigner who doesn’t give a shit or makes no effort. I can’t stand that attitude among travelers, and trust me, I see it a lot."
5 surprising things you learn as a solo female traveler - Young Adventuress.html_P041,5 surprising things you learn as a solo female traveler - Young Adventuress.html,5 surprising things you learn as a solo female traveler,blog,True,Destination Image & Evaluation,Destination Safety Reputation,0.2275,Reflective / Neutral,Neutral,welcoming,"I’ve found that as a solo female traveler, people are MORE open with me and more welcoming. I suppose I am not very intimidating, and oftentimes I hear the whole “oh you crazy” for going around the world on my own, so I think people often take a protective, almost motherly attitude towards me, which is fine by me! Especially when I get fed."
5 surprising things you learn as a solo female traveler - Young Adventuress.html_P042,5 surprising things you learn as a solo female traveler - Young Adventuress.html,5 surprising things you learn as a solo female traveler,blog,False,General Travel Narrative,Descriptive / Contextual,0.0,Reflective / Neutral,Neutral,,"Those are the best things that happen on the road, at least for me, because they mean something."
5 surprising things you learn as a solo female traveler - Young Adventuress.html_P043,5 surprising things you learn as a solo female traveler - Young Adventuress.html,5 surprising things you learn as a solo female traveler,blog,False,General Travel Narrative,Descriptive / Contextual,0.0689,Reflective / Neutral,Neutral,,"It’s one thing to take a pretty picture and have some adventures while traveling, but it’s a whole other ball game when it changes your life or can lead to glimpses of a total foreign culture that you can begin to wrap your head around."
5 surprising things you learn as a solo female traveler - Young Adventuress.html_P044,5 surprising things you learn as a solo female traveler - Young Adventuress.html,5 surprising things you learn as a solo female traveler,blog,False,General Travel Narrative,Descriptive / Contextual,0.0436,Reflective / Neutral,Neutral,,"Relating to people from around the world is the first step to building empathy, something I think is really important for travelers and people in general to have."
5 surprising things you learn as a solo female traveler - Young Adventuress.html_P045,5 surprising things you learn as a solo female traveler - Young Adventuress.html,5 surprising things you learn as a solo female traveler,blog,False,General Travel Narrative,Descriptive / Contextual,0.0671,Reflective / Neutral,Neutral,,Why does this person act the way they do? What motivates them? How is their culture different than mine and maybe even how is it the same? And then the hard stuff. This person is wearing all of the clothes they own. This kid doesn’t have shoes. That girl’s family died of a preventable disease in the US. That boy has never used a computer.
5 surprising things you learn as a solo female traveler - Young Adventuress.html_P046,5 surprising things you learn as a solo female traveler - Young Adventuress.html,5 surprising things you learn as a solo female traveler,blog,False,General Travel Narrative,Descriptive / Contextual,0.0383,Reflective / Neutral,Neutral,,Being able to be empathetic and relate to someone so different than you is one of the best things you can learn while traveling. It’ll open your heart and your mind and allow you to really experience another country or culture.
5 surprising things you learn as a solo female traveler - Young Adventuress.html_P047,5 surprising things you learn as a solo female traveler - Young Adventuress.html,5 surprising things you learn as a solo female traveler,blog,False,General Travel Narrative,Descriptive / Contextual,0.0,Reflective / Neutral,Neutral,,5. You learn more about yourself than you could ever imagine
5 surprising things you learn as a solo female traveler - Young Adventuress.html_P048,5 surprising things you learn as a solo female traveler - Young Adventuress.html,5 surprising things you learn as a solo female traveler,blog,True,Perceived Safety,Objective vs. Perceived Risk Calibration,0.1287,Reflective / Neutral,Neutral,,"At the risk of sounding like a pretentious dick, Marcel Proust once said, “The real voyage of discovery consists not in seeking new landscapes, but in having new eyes.”"
5 surprising things you learn as a solo female traveler - Young Adventuress.html_P049,5 surprising things you learn as a solo female traveler - Young Adventuress.html,5 surprising things you learn as a solo female traveler,blog,False,General Travel Narrative,Descriptive / Contextual,0.0837,Reflective / Neutral,Neutral,,"Travel changes you, if you are open to it, especially solo travel."
5 surprising things you learn as a solo female traveler - Young Adventuress.html_P050,5 surprising things you learn as a solo female traveler - Young Adventuress.html,5 surprising things you learn as a solo female traveler,blog,False,General Travel Narrative,Descriptive / Contextual,0.0436,Reflective / Neutral,Neutral,,"When you are alone on the road with only your thoughts and experiences for company, you can’t help but start to think. At home occupied with the fuss and the fury, the hustle and bustle of so-called “normal life” it has become easy, almost standard to ignore the bigger issues and problems we face."
5 surprising things you learn as a solo female traveler - Young Adventuress.html_P051,5 surprising things you learn as a solo female traveler - Young Adventuress.html,5 surprising things you learn as a solo female traveler,blog,False,General Travel Narrative,Descriptive / Contextual,0.0654,Reflective / Neutral,Neutral,,"When you are on the road, it’s not so easy, and oftentimes you are forced to face those demons, thoughts or issues that you might have ignored otherwise."
5 surprising things you learn as a solo female traveler - Young Adventuress.html_P052,5 surprising things you learn as a solo female traveler - Young Adventuress.html,5 surprising things you learn as a solo female traveler,blog,False,General Travel Narrative,Descriptive / Contextual,0.0199,Reflective / Neutral,Neutral,,What’s something travel has taught you? Have you ever gone on a journey alone? Would you?
5 surprising things you learn as a solo female traveler - Young Adventuress.html_P053,5 surprising things you learn as a solo female traveler - Young Adventuress.html,5 surprising things you learn as a solo female traveler,blog,False,General Travel Narrative,Descriptive / Contextual,0.0769,Reflective / Neutral,Neutral,,The Solo Female Traveler's Manifesto
5 surprising things you learn as a solo female traveler - Young Adventuress.html_P054,5 surprising things you learn as a solo female traveler - Young Adventuress.html,5 surprising things you learn as a solo female traveler,blog,False,General Travel Narrative,Descriptive / Contextual,0.0769,Reflective / Neutral,Neutral,,The Solo Female Traveler's Manifesto
5 surprising things you learn as a solo female traveler - Young Adventuress.html_P055,5 surprising things you learn as a solo female traveler - Young Adventuress.html,5 surprising things you learn as a solo female traveler,blog,False,General Travel Narrative,Descriptive / Contextual,0.0384,Reflective / Neutral,Neutral,,10 solo female travel tips from almost a decade of travel
5 surprising things you learn as a solo female traveler - Young Adventuress.html_P056,5 surprising things you learn as a solo female traveler - Young Adventuress.html,5 surprising things you learn as a solo female traveler,blog,False,General Travel Narrative,Descriptive / Contextual,0.0384,Reflective / Neutral,Neutral,,10 solo female travel tips from almost a decade of travel
5 surprising things you learn as a solo female traveler - Young Adventuress.html_P057,5 surprising things you learn as a solo female traveler - Young Adventuress.html,5 surprising things you learn as a solo female traveler,blog,False,General Travel Narrative,Descriptive / Contextual,0.0715,Reflective / Neutral,Neutral,,Is Turkey Safe for Women Traveling Alone?
5 surprising things you learn as a solo female traveler - Young Adventuress.html_P058,5 surprising things you learn as a solo female traveler - Young Adventuress.html,5 surprising things you learn as a solo female traveler,blog,False,General Travel Narrative,Descriptive / Contextual,0.0715,Reflective / Neutral,Neutral,,Is Turkey Safe for Women Traveling Alone?
A Beginner's Guide to Safety_ Solo Travel for Women _ Blog - JustWravel.html_P001,A Beginner's Guide to Safety_ Solo Travel for Women _ Blog - JustWravel.html,A Beginner's Guide to Safety: Solo Travel for Women,blog,False,General Travel Narrative,Descriptive / Contextual,0.1132,Empowerment & Confidence,Positive,,"The world is a vast and wondrous place, brimming with untold adventures and experiences waiting to be discovered. For women, the allure of solo travel holds a particular magic, a chance to break free from routine, embrace independence, and explore the globe on their own terms. The idea of setting off on a solo journey can be both exhilarating and a little intimidating. It’s a leap of faith, a step into the unknown, and a testament to your courage and self-reliance."
A Beginner's Guide to Safety_ Solo Travel for Women _ Blog - JustWravel.html_P002,A Beginner's Guide to Safety_ Solo Travel for Women _ Blog - JustWravel.html,A Beginner's Guide to Safety: Solo Travel for Women,blog,True,Experiential Well-Being & Self-Leadership,Empowerment & Self-Efficacy,0.2029,Empowerment & Confidence,Positive,confidence,"This guide on safety tips for solo female travelers is designed to empower you, the modern woman, with the knowledge and confidence to embark on your own solo travel adventures. We’ll cover everything from meticulous planning and practical packing tips to essential safety measures and strategies for making the most of your journey. This isn’t just about seeing the world; it’s about discovering yourself, pushing your boundaries, and returning home with a renewed sense of confidence and independence."
A Beginner's Guide to Safety_ Solo Travel for Women _ Blog - JustWravel.html_P003,A Beginner's Guide to Safety_ Solo Travel for Women _ Blog - JustWravel.html,A Beginner's Guide to Safety: Solo Travel for Women,blog,True,Experiential Well-Being & Self-Leadership,Empowerment & Self-Efficacy,0.1991,Empowerment & Confidence,Positive,confidence,"So, whether you’re a seasoned YOLO kinda girl, starting to consider your first solo trip, or planning a trip with your girl gang, we hope this guide will inspire you, inform you, and give you the confidence to take the leap. The world is waiting to be explored, and you are ready to explore it. Get ready for an adventure that will change your life."
A Beginner's Guide to Safety_ Solo Travel for Women _ Blog - JustWravel.html_P004,A Beginner's Guide to Safety_ Solo Travel for Women _ Blog - JustWravel.html,A Beginner's Guide to Safety: Solo Travel for Women,blog,True,Travel Intention & Mobility Decisions,Solo Continuation & Advocacy,0.1241,Reflective / Neutral,Neutral,,Planning Your Solo Trip: Where to Start
A Beginner's Guide to Safety_ Solo Travel for Women _ Blog - JustWravel.html_P005,A Beginner's Guide to Safety_ Solo Travel for Women _ Blog - JustWravel.html,A Beginner's Guide to Safety: Solo Travel for Women,blog,True,Travel Intention & Mobility Decisions,Solo Continuation & Advocacy,0.1417,Reflective / Neutral,Neutral,,"Choose your destination: Planning your solo trip is like laying the foundation for an incredible adventure. It’s where the magic begins, and the more thorough you are, the smoother your journey will be. First, decide where you want to go."
A Beginner's Guide to Safety_ Solo Travel for Women _ Blog - JustWravel.html_P006,A Beginner's Guide to Safety_ Solo Travel for Women _ Blog - JustWravel.html,A Beginner's Guide to Safety: Solo Travel for Women,blog,False,General Travel Narrative,Descriptive / Contextual,0.072,Reflective / Neutral,Neutral,,"Set a budget: Next, set a realistic budget. This is crucial for avoiding financial stress during your trip. Factor in everything: flights, accommodation, food, activities, transportation, visas, and even souvenirs. Don’t forget to include a buffer for unexpected expenses."
A Beginner's Guide to Safety_ Solo Travel for Women _ Blog - JustWravel.html_P007,A Beginner's Guide to Safety_ Solo Travel for Women _ Blog - JustWravel.html,A Beginner's Guide to Safety: Solo Travel for Women,blog,False,General Travel Narrative,Descriptive / Contextual,0.0258,Reflective / Neutral,Neutral,,"Book flights and accommodation: Booking flights and accommodation in advance is generally recommended, especially if you’re traveling during peak season or to popular destinations. This not only secures your spot but often helps you snag better deals."
A Beginner's Guide to Safety_ Solo Travel for Women _ Blog - JustWravel.html_P008,A Beginner's Guide to Safety_ Solo Travel for Women _ Blog - JustWravel.html,A Beginner's Guide to Safety: Solo Travel for Women,blog,False,General Travel Narrative,Descriptive / Contextual,0.0916,Reflective / Neutral,Neutral,,"Research your destination: Research is your best friend during the planning phase. Learn about the local culture, customs, and laws. Understanding the local etiquette will help you navigate unfamiliar situations with grace and respect. Also, research the safety situation in your chosen destination."
A Beginner's Guide to Safety_ Solo Travel for Women _ Blog - JustWravel.html_P009,A Beginner's Guide to Safety_ Solo Travel for Women _ Blog - JustWravel.html,A Beginner's Guide to Safety: Solo Travel for Women,blog,False,General Travel Narrative,Descriptive / Contextual,0.0609,Reflective / Neutral,Neutral,,"Plan your itinerary: Finally, create a rough itinerary. This doesn’t have to be a rigid schedule, but it helps to have a general idea of what you want to see and do. This will help you make the most of your time and ensure you don’t miss out on any must-see attractions."
A Beginner's Guide to Safety_ Solo Travel for Women _ Blog - JustWravel.html_P010,A Beginner's Guide to Safety_ Solo Travel for Women _ Blog - JustWravel.html,A Beginner's Guide to Safety: Solo Travel for Women,blog,False,General Travel Narrative,Descriptive / Contextual,0.066,Reflective / Neutral,Neutral,,"However, don’t over-plan! Leave room for spontaneity and unexpected detours. Some of the best travel experiences come from unplanned moments. Simply, follow these safety tips for solo female travelers."
A Beginner's Guide to Safety_ Solo Travel for Women _ Blog - JustWravel.html_P011,A Beginner's Guide to Safety_ Solo Travel for Women _ Blog - JustWravel.html,A Beginner's Guide to Safety: Solo Travel for Women,blog,False,General Travel Narrative,Descriptive / Contextual,0.0529,Reflective / Neutral,Neutral,,Essential Safety Tips for Solo Female Travelers
A Beginner's Guide to Safety_ Solo Travel for Women _ Blog - JustWravel.html_P012,A Beginner's Guide to Safety_ Solo Travel for Women _ Blog - JustWravel.html,A Beginner's Guide to Safety: Solo Travel for Women,blog,True,Experiential Well-Being & Self-Leadership,Empowerment & Self-Efficacy,0.1817,Empowerment & Confidence,Positive,confidence,"Safety is non-negotiable for any traveler, but it’s especially crucial for women exploring the world solo. Being proactive and informed can significantly reduce risks and empower you to enjoy your adventure with confidence. Here’s a breakdown of essential safety tips:"
A Beginner's Guide to Safety_ Solo Travel for Women _ Blog - JustWravel.html_P013,A Beginner's Guide to Safety_ Solo Travel for Women _ Blog - JustWravel.html,A Beginner's Guide to Safety: Solo Travel for Women,blog,False,General Travel Narrative,Descriptive / Contextual,0.0549,Reflective / Neutral,Neutral,,"Share your itinerary: Provide a detailed itinerary to a trusted friend or family member. Include flight details, accommodation addresses, planned activities, and expected check-in/check-out dates. If you deviate from your plan, inform them immediately."
A Beginner's Guide to Safety_ Solo Travel for Women _ Blog - JustWravel.html_P014,A Beginner's Guide to Safety_ Solo Travel for Women _ Blog - JustWravel.html,A Beginner's Guide to Safety: Solo Travel for Women,blog,True,Constraint Negotiation & Coping Strategies,Digital & Communication Tactics,0.4379,Reflective / Neutral,Neutral,emergency contact,Research your destination: Thoroughly research your destination’s safety profile. Are there specific areas to avoid? What are the common scams targeting tourists? Understanding local laws and customs is vital. Look up emergency contact numbers and the location of the nearest embassy or consulate.
A Beginner's Guide to Safety_ Solo Travel for Women _ Blog - JustWravel.html_P015,A Beginner's Guide to Safety_ Solo Travel for Women _ Blog - JustWravel.html,A Beginner's Guide to Safety: Solo Travel for Women,blog,True,Constraint Negotiation & Coping Strategies,Intuition & Situational Awareness,1.0918,Vulnerability & Fear,Negative,"uncomfortable, situational awareness, trust your gut, instinct","Situational awareness is key: Be aware of your surroundings at all times. Trust your gut instinct. If a situation feels uncomfortable or unsafe, remove yourself immediately. Pay attention to local news and any safety advisories."
A Beginner's Guide to Safety_ Solo Travel for Women _ Blog - JustWravel.html_P016,A Beginner's Guide to Safety_ Solo Travel for Women _ Blog - JustWravel.html,A Beginner's Guide to Safety: Solo Travel for Women,blog,True,Physical Constraints,Infrastructure & Transit Vulnerability,0.7476,Reflective / Neutral,Neutral,"walking alone at night, deserted, public space","Stay in well-lit and populated areas: Avoid walking alone at night, especially in poorly lit or deserted areas. Stick to well-trafficked streets and public spaces. If you must walk at night, consider traveling with a group or using a reputable ride-hailing app."
A Beginner's Guide to Safety_ Solo Travel for Women _ Blog - JustWravel.html_P017,A Beginner's Guide to Safety_ Solo Travel for Women _ Blog - JustWravel.html,A Beginner's Guide to Safety: Solo Travel for Women,blog,True,Travel Intention & Mobility Decisions,Destination Choice & Route Avoidance,0.4262,Calculated Caution & Vigilance,Protective,travel plans,Be selective about sharing information: Be cautious about who you talk to and what personal information you share. Avoid discussing your travel plans or revealing where you’re staying with strangers.
A Beginner's Guide to Safety_ Solo Travel for Women _ Blog - JustWravel.html_P018,A Beginner's Guide to Safety_ Solo Travel for Women _ Blog - JustWravel.html,A Beginner's Guide to Safety: Solo Travel for Women,blog,False,General Travel Narrative,Descriptive / Contextual,0.1035,Reflective / Neutral,Neutral,,"Secure your valuables: Use a money belt, hidden pouch, or secure travel wallet to keep your cash, cards, and passport safe. Avoid displaying expensive jewelry, electronics, or large amounts of cash."
A Beginner's Guide to Safety_ Solo Travel for Women _ Blog - JustWravel.html_P019,A Beginner's Guide to Safety_ Solo Travel for Women _ Blog - JustWravel.html,A Beginner's Guide to Safety: Solo Travel for Women,blog,True,Physical Constraints,Sexual Harassment & Unwanted Attention,0.4614,Reflective / Neutral,Neutral,unwanted attention,"Stay connected (but be smart): While it’s important to stay connected with friends and family, be mindful of what you share on social media. Avoid posting real-time updates about your location, as this can make you a target for unwanted attention."
A Beginner's Guide to Safety_ Solo Travel for Women _ Blog - JustWravel.html_P020,A Beginner's Guide to Safety_ Solo Travel for Women _ Blog - JustWravel.html,A Beginner's Guide to Safety: Solo Travel for Women,blog,False,General Travel Narrative,Descriptive / Contextual,0.0768,Reflective / Neutral,Neutral,,"Transportation safety: When using taxis or ride-hailing apps, especially at night, verify the driver’s identity and license plate. Share your ride details with a friend or family member. Be wary of unmarked taxis or drivers who approach you unsolicited."
A Beginner's Guide to Safety_ Solo Travel for Women _ Blog - JustWravel.html_P021,A Beginner's Guide to Safety_ Solo Travel for Women _ Blog - JustWravel.html,A Beginner's Guide to Safety: Solo Travel for Women,blog,True,Physical Constraints,Accommodation & Property Security,0.1245,Calculated Caution & Vigilance,Protective,,"Food & Accommodation safety: Choose reputable accommodations with good security measures. Be cautious about accepting drinks from strangers. Never leave your drink unattended, and don’t accept drinks from someone you don’t trust."
A Beginner's Guide to Safety_ Solo Travel for Women _ Blog - JustWravel.html_P022,A Beginner's Guide to Safety_ Solo Travel for Women _ Blog - JustWravel.html,A Beginner's Guide to Safety: Solo Travel for Women,blog,True,Physical Constraints,Infrastructure & Transit Vulnerability,0.2026,Reflective / Neutral,Neutral,isolated,"Asking for help: Remember that it’s okay to ask for help. If you need help, approach families, couples, or women traveling alone. They are generally more likely to offer genuine assistance. Avoid approaching lone men, especially in isolated areas."
A Beginner's Guide to Safety_ Solo Travel for Women _ Blog - JustWravel.html_P023,A Beginner's Guide to Safety_ Solo Travel for Women _ Blog - JustWravel.html,A Beginner's Guide to Safety: Solo Travel for Women,blog,False,General Travel Narrative,Descriptive / Contextual,0.0944,Reflective / Neutral,Neutral,,"Blending in (when appropriate): While you should never compromise your safety, try to blend in with the local culture and avoid drawing unnecessary attention to yourself. Dress modestly and respectfully, and observe local customs and traditions. Knowing a few basic phrases in the local language can be helpful in emergencies and shows respect for the local culture."
A Beginner's Guide to Safety_ Solo Travel for Women _ Blog - JustWravel.html_P024,A Beginner's Guide to Safety_ Solo Travel for Women _ Blog - JustWravel.html,A Beginner's Guide to Safety: Solo Travel for Women,blog,True,Constraint Negotiation & Coping Strategies,Intuition & Situational Awareness,0.5493,Vulnerability & Fear,Negative,"uncomfortable, trust your gut, authorities","Trust your instincts: Your intuition is a powerful tool. If a situation feels off or makes you uncomfortable, trust your gut and remove yourself from the situation. Don’t hesitate to seek help from local authorities or other trusted individuals."
A Beginner's Guide to Safety_ Solo Travel for Women _ Blog - JustWravel.html_P025,A Beginner's Guide to Safety_ Solo Travel for Women _ Blog - JustWravel.html,A Beginner's Guide to Safety: Solo Travel for Women,blog,False,General Travel Narrative,Descriptive / Contextual,0.056,Reflective / Neutral,Neutral,,Safety Items for Solo Female Travelers
A Beginner's Guide to Safety_ Solo Travel for Women _ Blog - JustWravel.html_P026,A Beginner's Guide to Safety_ Solo Travel for Women _ Blog - JustWravel.html,A Beginner's Guide to Safety: Solo Travel for Women,blog,True,Perceived Safety,Subjective Security vs. Vulnerability,0.3995,Empowerment & Confidence,Positive,"peace of mind, peace, confidence","Traveling alone as a woman requires careful planning, and a crucial aspect of that is prioritizing your safety. Apart from following all the safety tips for solo female travelers; carrying the right safety items can provide peace of mind and empower you to navigate unfamiliar situations with greater confidence. Here’s a look at some essential safety items for solo female travelers."
A Beginner's Guide to Safety_ Solo Travel for Women _ Blog - JustWravel.html_P027,A Beginner's Guide to Safety_ Solo Travel for Women _ Blog - JustWravel.html,A Beginner's Guide to Safety: Solo Travel for Women,blog,False,General Travel Narrative,Descriptive / Contextual,0.062,Reflective / Neutral,Neutral,,"Personal Safety Alarm: This small, handheld device emits a piercingly loud siren (typically 120-130 decibels) when activated. The sudden noise can startle an attacker, disorient them, and attract attention. Test your alarm regularly to ensure it functions correctly. Some models include a built-in LED light, adding another layer of visibility."
A Beginner's Guide to Safety_ Solo Travel for Women _ Blog - JustWravel.html_P028,A Beginner's Guide to Safety_ Solo Travel for Women _ Blog - JustWravel.html,A Beginner's Guide to Safety: Solo Travel for Women,blog,False,General Travel Narrative,Descriptive / Contextual,0.052,Reflective / Neutral,Neutral,,"Pepper Spray: A non-lethal self-defense spray containing an irritant that causes temporary burning and discomfort to the eyes, nose, and throat. It can incapacitate an attacker, giving you time to escape. Crucially, know how to use it. Seek self-defense training that includes pepper spray practice. Remember, it’s for self-defense only. Be aware of local laws regarding pepper spray, as it may be restricted or illegal in some areas. Less-lethal alternatives, such as bear spray (intended for bears but usable in extreme human encounters), may also be considered."
A Beginner's Guide to Safety_ Solo Travel for Women _ Blog - JustWravel.html_P029,A Beginner's Guide to Safety_ Solo Travel for Women _ Blog - JustWravel.html,A Beginner's Guide to Safety: Solo Travel for Women,blog,False,General Travel Narrative,Descriptive / Contextual,0.0391,Reflective / Neutral,Neutral,,"LED Rechargeable Flashlight: A bright flashlight is a multi-purpose tool. It can illuminate dark areas, signal for help, and even be used defensively by shining it in an attacker’s eyes. A tactical flashlight with a strobe function is even more effective. The rapidly flashing light can disorient and temporarily blind an attacker, giving you time to escape. Rechargeable models are best for travel, so you don’t have to worry about running out of batteries."
A Beginner's Guide to Safety_ Solo Travel for Women _ Blog - JustWravel.html_P030,A Beginner's Guide to Safety_ Solo Travel for Women _ Blog - JustWravel.html,A Beginner's Guide to Safety: Solo Travel for Women,blog,True,Physical Constraints,Accommodation & Property Security,0.3361,Reflective / Neutral,Neutral,theft,"Padlock or Luggage Lock: A good lock can deter opportunistic theft. TSA-approved locks are essential for air travel. These locks allow airport security to inspect your luggage without cutting the lock, preventing damage to your belongings. While a lock won’t stop a determined thief, it can make your luggage a less appealing target."
A Beginner's Guide to Safety_ Solo Travel for Women _ Blog - JustWravel.html_P031,A Beginner's Guide to Safety_ Solo Travel for Women _ Blog - JustWravel.html,A Beginner's Guide to Safety: Solo Travel for Women,blog,False,General Travel Narrative,Descriptive / Contextual,0.033,Reflective / Neutral,Neutral,,"Fanny Pack/Cross-body Bag: Keeping your valuables close to your body is crucial for preventing pickpocketing. A money belt worn discreetly under clothing is the most secure option. A cross-body bag worn in front is also a good choice. Avoid traditional fanny packs worn around the waist, as they can be easily targeted by thieves."
A Beginner's Guide to Safety_ Solo Travel for Women _ Blog - JustWravel.html_P032,A Beginner's Guide to Safety_ Solo Travel for Women _ Blog - JustWravel.html,A Beginner's Guide to Safety: Solo Travel for Women,blog,False,General Travel Narrative,Descriptive / Contextual,0.0378,Reflective / Neutral,Neutral,,"Copies of Important Documents: Losing your passport or other important documents can be a nightmare. Make digital copies of your passport, visa, driver’s license, travel insurance, and other essential documents. Store these copies securely in the cloud (using a password-protected service) or on a password-protected USB drive. Also, leave a copy of your itinerary with a trusted friend or family member."
A Beginner's Guide to Safety_ Solo Travel for Women _ Blog - JustWravel.html_P033,A Beginner's Guide to Safety_ Solo Travel for Women _ Blog - JustWravel.html,A Beginner's Guide to Safety: Solo Travel for Women,blog,True,Constraint Negotiation & Coping Strategies,Digital & Communication Tactics,0.5123,Reflective / Neutral,Neutral,"emergency contact, police","Emergency Contact Information: Have a list of emergency contact numbers readily accessible. This should include local police, the nearest embassy or consulate, your family members, and your travel insurance provider. Program ICE (In Case of Emergency) contacts into your phone. This allows first responders to quickly access your emergency contacts even if your phone is locked."
A Beginner's Guide to Safety_ Solo Travel for Women _ Blog - JustWravel.html_P034,A Beginner's Guide to Safety_ Solo Travel for Women _ Blog - JustWravel.html,A Beginner's Guide to Safety: Solo Travel for Women,blog,False,General Travel Narrative,Descriptive / Contextual,0.0637,Reflective / Neutral,Neutral,,"First-Aid Kit: A small, well-stocked first-aid kit is essential for treating minor injuries and ailments. Include bandages, antiseptic wipes, pain relievers, any personal medications you need, and a small first-aid manual or app on your phone. Customize the kit to your specific needs. If you have allergies or medical conditions, make sure you have the necessary medications and supplies."
A Beginner's Guide to Safety_ Solo Travel for Women _ Blog - JustWravel.html_P035,A Beginner's Guide to Safety_ Solo Travel for Women _ Blog - JustWravel.html,A Beginner's Guide to Safety: Solo Travel for Women,blog,True,Constraint Negotiation & Coping Strategies,Digital & Communication Tactics,0.5843,Reflective / Neutral,Neutral,power bank,"Portable Power Bank: Keeping your phone charged is critical, especially in an emergency. A portable power bank allows you to recharge your phone on the go. Choose a power bank with sufficient capacity to charge your phone multiple times."
A Beginner's Guide to Safety_ Solo Travel for Women _ Blog - JustWravel.html_P036,A Beginner's Guide to Safety_ Solo Travel for Women _ Blog - JustWravel.html,A Beginner's Guide to Safety: Solo Travel for Women,blog,False,General Travel Narrative,Descriptive / Contextual,0.0481,Reflective / Neutral,Neutral,,Other Essentials For Solo Trips
A Beginner's Guide to Safety_ Solo Travel for Women _ Blog - JustWravel.html_P037,A Beginner's Guide to Safety_ Solo Travel for Women _ Blog - JustWravel.html,A Beginner's Guide to Safety: Solo Travel for Women,blog,False,General Travel Narrative,Descriptive / Contextual,0.0665,Reflective / Neutral,Neutral,,"Whistle: A loud, high-pitched whistle can be used to attract attention in an emergency. It’s a simple but effective tool."
A Beginner's Guide to Safety_ Solo Travel for Women _ Blog - JustWravel.html_P038,A Beginner's Guide to Safety_ Solo Travel for Women _ Blog - JustWravel.html,A Beginner's Guide to Safety: Solo Travel for Women,blog,False,General Travel Narrative,Descriptive / Contextual,0.0427,Reflective / Neutral,Neutral,,"Travel Insurance: Travel insurance is absolutely essential. It can protect you from financial losses due to medical emergencies, lost luggage, trip cancellations, and other unforeseen events. Make sure you have adequate coverage for your trip."
A Beginner's Guide to Safety_ Solo Travel for Women _ Blog - JustWravel.html_P039,A Beginner's Guide to Safety_ Solo Travel for Women _ Blog - JustWravel.html,A Beginner's Guide to Safety: Solo Travel for Women,blog,False,General Travel Narrative,Descriptive / Contextual,0.0689,Vulnerability & Fear,Negative,,"Local Laws and Customs: Before you travel, research the local laws and customs of your destination. This is especially important regarding self-defense tools. What’s legal in one country may be illegal in another. Understanding local customs can also help you avoid misunderstandings and potentially dangerous situations."
A Beginner's Guide to Safety_ Solo Travel for Women _ Blog - JustWravel.html_P040,A Beginner's Guide to Safety_ Solo Travel for Women _ Blog - JustWravel.html,A Beginner's Guide to Safety: Solo Travel for Women,blog,False,General Travel Narrative,Descriptive / Contextual,0.0917,Reflective / Neutral,Neutral,,"Remember, these safety items are tools to help you stay safe. The most important safety measure is to be aware of your surroundings, trust your instincts, and make smart choices. Combine these tools with good judgment and proactive planning for a safer and more enjoyable travel experience."
A Beginner's Guide to Safety_ Solo Travel for Women _ Blog - JustWravel.html_P041,A Beginner's Guide to Safety_ Solo Travel for Women _ Blog - JustWravel.html,A Beginner's Guide to Safety: Solo Travel for Women,blog,True,Experiential Well-Being & Self-Leadership,Empowerment & Self-Efficacy,0.1779,Empowerment & Confidence,Positive,growth,"Taking the plunge into solo female travel can be exhilarating, but it’s also understandable to feel a bit apprehensive at first. If the idea of navigating the world entirely on your own feels daunting, consider a fantastic alternative: all-girls trips. These curated group adventures allow you to experience the joys of travel without the initial jitters of going completely solo, the task of following all these safety tips for solo female travelers. Several companies now specialize in organizing these empowering getaways, catering specifically to women seeking adventure, connection, and personal growth."
A Beginner's Guide to Safety_ Solo Travel for Women _ Blog - JustWravel.html_P042,A Beginner's Guide to Safety_ Solo Travel for Women _ Blog - JustWravel.html,A Beginner's Guide to Safety: Solo Travel for Women,blog,False,General Travel Narrative,Descriptive / Contextual,0.0443,Empowerment & Confidence,Positive,,"These all-girls trips aren’t just about sightseeing; they’re about fostering a sense of community and empowering women to step outside their comfort zones. The perks are numerous. First and foremost, there’s the built-in safety net of traveling with a group of like-minded women. Plus, the logistics are handled for you, taking the stress out of planning and allowing you to focus on enjoying the journey."
A Beginner's Guide to Safety_ Solo Travel for Women _ Blog - JustWravel.html_P043,A Beginner's Guide to Safety_ Solo Travel for Women _ Blog - JustWravel.html,A Beginner's Guide to Safety: Solo Travel for Women,blog,False,General Travel Narrative,Descriptive / Contextual,0.0596,Empowerment & Confidence,Positive,,"Solo female travel can be an incredible experience. It’s a chance to challenge yourself, discover new places, and grow as a person. With careful planning and a focus on safety, you can have an amazing and empowering adventure."
A Beginner's Guide to Safety_ Solo Travel for Women _ Blog - JustWravel.html_P044,A Beginner's Guide to Safety_ Solo Travel for Women _ Blog - JustWravel.html,A Beginner's Guide to Safety: Solo Travel for Women,blog,False,General Travel Narrative,Descriptive / Contextual,0.0475,Reflective / Neutral,Neutral,,"So, what are you waiting for? Book JustWravel’s All-Girls Trip!"
A Beginner's Guide to Safety_ Solo Travel for Women _ Blog - JustWravel.html_P045,A Beginner's Guide to Safety_ Solo Travel for Women _ Blog - JustWravel.html,A Beginner's Guide to Safety: Solo Travel for Women,blog,False,General Travel Narrative,Descriptive / Contextual,0.0661,Reflective / Neutral,Neutral,,Places to Visit in April Outside India: Best International Destinations
A Beginner's Guide to Safety_ Solo Travel for Women _ Blog - JustWravel.html_P046,A Beginner's Guide to Safety_ Solo Travel for Women _ Blog - JustWravel.html,A Beginner's Guide to Safety: Solo Travel for Women,blog,False,General Travel Narrative,Descriptive / Contextual,0.0746,Reflective / Neutral,Neutral,,Top 10 Cafes in Bir Billing: Must-Visit Spots for Food and Vibes
A Beginner's Guide to Safety_ Solo Travel for Women _ Blog - JustWravel.html_P047,A Beginner's Guide to Safety_ Solo Travel for Women _ Blog - JustWravel.html,A Beginner's Guide to Safety: Solo Travel for Women,blog,True,Travel Intention & Mobility Decisions,Solo Continuation & Advocacy,0.168,Reflective / Neutral,Neutral,,The Life Of a Solo Woman Traveler
A Beginner's Guide to Safety_ Solo Travel for Women _ Blog - JustWravel.html_P048,A Beginner's Guide to Safety_ Solo Travel for Women _ Blog - JustWravel.html,A Beginner's Guide to Safety: Solo Travel for Women,blog,False,General Travel Narrative,Descriptive / Contextual,0.0613,Reflective / Neutral,Neutral,,Periods While Traveling: Essential Tips for Women Travelers
A Beginner's Guide to Safety_ Solo Travel for Women _ Blog - JustWravel.html_P049,A Beginner's Guide to Safety_ Solo Travel for Women _ Blog - JustWravel.html,A Beginner's Guide to Safety: Solo Travel for Women,blog,True,Travel Intention & Mobility Decisions,Solo Continuation & Advocacy,0.1582,Reflective / Neutral,Neutral,,Soul Searching on the Road: Top Destinations for Solo Trip for Women
Challenges faced by girls travelling alone in India.html_P001,Challenges faced by girls travelling alone in India.html,Challenges faced by girls travelling alone in India,blog,False,General Travel Narrative,Descriptive / Contextual,0.0,Reflective / Neutral,Neutral,,Girls in India travelling alone? We mostly get weird looks and speculations around this question.
Challenges faced by girls travelling alone in India.html_P002,Challenges faced by girls travelling alone in India.html,Challenges faced by girls travelling alone in India,blog,False,General Travel Narrative,Descriptive / Contextual,0.0,Reflective / Neutral,Neutral,,"So when my neighbor aunty heard it, I was given really bad expressions as if I was committing a crime along with suggestions that I should probably quit the plan..."
Challenges faced by girls travelling alone in India.html_P003,Challenges faced by girls travelling alone in India.html,Challenges faced by girls travelling alone in India,blog,True,Perceived Safety,Subjective Security vs. Vulnerability,0.1996,Vulnerability & Fear,Negative,uncomfortable,"The idea of a girl travelling (especially solo) is something of a foreign concept, she said. I did feel uncomfortable and immediately a war of thoughts began to emerge in my head. I wanted to say a lot aloud but I just sighed as I can’t change the age old mentality in one day."
Challenges faced by girls travelling alone in India.html_P004,Challenges faced by girls travelling alone in India.html,Challenges faced by girls travelling alone in India,blog,False,General Travel Narrative,Descriptive / Contextual,0.0,Reflective / Neutral,Neutral,,"Although it was not something I had ever heard before. Hence, I was NOT astonished to hear that!!!"
Challenges faced by girls travelling alone in India.html_P005,Challenges faced by girls travelling alone in India.html,Challenges faced by girls travelling alone in India,blog,False,General Travel Narrative,Descriptive / Contextual,0.0531,Reflective / Neutral,Neutral,,"Being a female solo travel enthusiast in India and a part of both urban and rural societies, I do understand where these mindsets are coming from."
Challenges faced by girls travelling alone in India.html_P006,Challenges faced by girls travelling alone in India.html,Challenges faced by girls travelling alone in India,blog,False,General Travel Narrative,Descriptive / Contextual,0.0377,Reflective / Neutral,Neutral,,There are cases in some rural societies where still Indian women are thought to be under home arrest their entire life after marriage. There are rare exceptions too but we still come across the issue of child marriage in many villages & cities. Trust me it is hard to advocate to allow girls to travel solo in a land where it’s still a challenge to persuade families for letting their girl-child to go to school.
Challenges faced by girls travelling alone in India.html_P007,Challenges faced by girls travelling alone in India.html,Challenges faced by girls travelling alone in India,blog,True,Social Constraints,Patriarchal Gaze & Cultural Norms,0.2598,Reflective / Neutral,Neutral,patriarchy,"""Misogyny & Patriarchy run deep in our veins"""
Challenges faced by girls travelling alone in India.html_P008,Challenges faced by girls travelling alone in India.html,Challenges faced by girls travelling alone in India,blog,False,General Travel Narrative,Descriptive / Contextual,0.1036,Calculated Caution & Vigilance,Protective,,"We also can’t deny the fact that India is not known as the safest place or a favorable destination for girls travelling solo thanks to innumerable crimes that are committed with women & girls all across the nation. Generally, men have the privilege to travel anywhere alone because they are not subject to issues like safety & security. Women are expected to be careful and avoid solo travelling."
Challenges faced by girls travelling alone in India.html_P009,Challenges faced by girls travelling alone in India.html,Challenges faced by girls travelling alone in India,blog,False,General Travel Narrative,Descriptive / Contextual,0.0401,Reflective / Neutral,Neutral,,"Even though in India we have many breathtaking destinations, it’s much more challenging for females and many are taking advantage of them. It is sad how the highest percentage of women are killed, betrayed or brutally cheated around the world. It has become hard on us to be able to trust anybody as we have been deceived by someone we knew, someone we trusted, someone we loved, someone we considered a friend or colleague."
Challenges faced by girls travelling alone in India.html_P010,Challenges faced by girls travelling alone in India.html,Challenges faced by girls travelling alone in India,blog,False,General Travel Narrative,Descriptive / Contextual,0.0552,Reflective / Neutral,Neutral,,In a perfect India every girl/lady would be respected with her lifestyle choices and treated well but that is not the case yet.
Challenges faced by girls travelling alone in India.html_P011,Challenges faced by girls travelling alone in India.html,Challenges faced by girls travelling alone in India,blog,False,General Travel Narrative,Descriptive / Contextual,0.0581,Reflective / Neutral,Neutral,,8 problems solo female travellers face while travelling in India:
Challenges faced by girls travelling alone in India.html_P012,Challenges faced by girls travelling alone in India.html,Challenges faced by girls travelling alone in India,blog,True,Constraint Negotiation & Coping Strategies,Spatial & Temporal Planning,0.1455,Reflective / Neutral,Neutral,,"India is to provide secured solo travel for girls, said no one ever. There have been rapes and assaults in hotels, cars, boats and many other places. Security is everything for us. Girls always have to adjust their schedules based on the time of the day to ensure we avoid any late evening or mid-night travels. Definitely we can’t utilize our time effectively worrying about our safety. Most of the time, we have to opt for premium accommodations out of our budget just for security sake. So there is this ""unofficial curfew time"" which we are always expected to adhere to just because you are a solo lady traveller in India."
Challenges faced by girls travelling alone in India.html_P013,Challenges faced by girls travelling alone in India.html,Challenges faced by girls travelling alone in India,blog,False,General Travel Narrative,Descriptive / Contextual,0.0435,Reflective / Neutral,Neutral,,"We have to compromise on every aspect, be it hygienic public toilets, sanitary pads, or even accommodation. Girls travelling alone are often not welcomed, doubted and even slut shamed by the so called ""society"". Basic facilities as well as infrastructure is something females travelling alone must get. Proper female attendants to be present and working cameras should be installed for every female accommodation along with clean toiletries."
Challenges faced by girls travelling alone in India.html_P014,Challenges faced by girls travelling alone in India.html,Challenges faced by girls travelling alone in India,blog,False,General Travel Narrative,Descriptive / Contextual,0.0715,Reflective / Neutral,Neutral,,"No shorts. No tank tops. No off-shoulders etc. In some places if girls wear jeans - that's a problem too. Girls have to take care of their dressing while travelling in many places or else we are watched upon as a hunt. I really don’t want to get into the dispute that it's an issue of man’s perceptions of woman….because the reality is that when we are traveling, we do watch our dressing even if we want to wear whatever we like. The last time we checked it was legal to be wearing bikini on a beach in India but no India runs on moral policing which feels it is okay to pee in public but a girl can't wear what she wants."
Challenges faced by girls travelling alone in India.html_P015,Challenges faced by girls travelling alone in India.html,Challenges faced by girls travelling alone in India,blog,False,General Travel Narrative,Descriptive / Contextual,0.0966,Calculated Caution & Vigilance,Protective,,"Girls too enjoy going out at nights to have a peaceful walk in the park, beach or even in a restaurant. Most girls avoid because they just can't risk their lives. We miss out the ecstasy of nightlife without having to worry about getting into any kind of trouble. Even if we go to restaurants we need to be very careful about someone trying to trick us with drinks or foods. Much news has been evident [Ex. Nirbhaya Case] that some awful men take advantage of girls who are doing night outs. We are forced to hold our love to explore the night by just looking outside from a window."
Challenges faced by girls travelling alone in India.html_P016,Challenges faced by girls travelling alone in India.html,Challenges faced by girls travelling alone in India,blog,False,General Travel Narrative,Descriptive / Contextual,0.0676,Reflective / Neutral,Neutral,,Dear Men: The ladies you chase in clubs deserve the same respect as your mother or sister!!
Challenges faced by girls travelling alone in India.html_P018,Challenges faced by girls travelling alone in India.html,Challenges faced by girls travelling alone in India,blog,True,Experiential Well-Being & Self-Leadership,Emotional Flourishing & Joy,0.15,Reflective / Neutral,Neutral,well-being,"We girls are alienated when it comes to solo traveling, be it our relatives or friends. Many people judge saying “Girls have brought their own problems by travelling alone, if something goes wrong, it’s their fault”. We cannot totally blame families as our society has been this way since ages. So, girls are opposed instead of getting open support. Thinking about our well-being, parents have their share of concerns. Many perceive us as bad girls or as if we just hook-up here and there."
Challenges faced by girls travelling alone in India.html_P019,Challenges faced by girls travelling alone in India.html,Challenges faced by girls travelling alone in India,blog,True,Physical Constraints,Sexual Harassment & Unwanted Attention,0.4404,Reflective / Neutral,Neutral,"public transport, staring, leering","I often ask myself, how to minimize the staring and ogling by men? I am sure many girls take stoles [dupattas] even if they do not need it just to hide the shape of body parts in case its a body hugging dress, in a wrong notion that this will stop some rascals from leering at them. People everywhere, in public transports or on roads do make it a point to pass comments on girls' bodies especially when they are alone. We deal with it every day and even more while travelling solo. If we react to it they take it personally and bully us, if we ignore and be quite then they enjoy it."
Challenges faced by girls travelling alone in India.html_P020,Challenges faced by girls travelling alone in India.html,Challenges faced by girls travelling alone in India,blog,False,General Travel Narrative,Descriptive / Contextual,0.0902,Reflective / Neutral,Neutral,,"People, especially some men, become very friendly when there are girls alone. In some cultures, touching while talking may be a normal gesture but some men can take it in different ways. Girls even maintain a proper distance while talking and don’t touch [hands, shoulder, hug etc.] still some people take it otherwise and approach/follow us for their benefits. Hopefully there will be a time when people of India will become more understanding towards the actual help needed by a girl and not treat her as they wish."
Challenges faced by girls travelling alone in India.html_P021,Challenges faced by girls travelling alone in India.html,Challenges faced by girls travelling alone in India,blog,False,General Travel Narrative,Descriptive / Contextual,0.0892,Calculated Caution & Vigilance,Protective,,"8) Need to be alert all the time, just can't keep the guard down"
Challenges faced by girls travelling alone in India.html_P022,Challenges faced by girls travelling alone in India.html,Challenges faced by girls travelling alone in India,blog,False,General Travel Narrative,Descriptive / Contextual,0.0751,Calculated Caution & Vigilance,Protective,,"It's a good thing to be alert but as girls, we have to be extremely cautious about our whereabouts or locality around new places. The moment people know girls are alone; their suspicious, criminal minds are elevated. Also, sometimes a casual conversation with locals, cab drivers, shopkeepers etc. may lead to queries about which hotel you are at? Or which place are you going next? It’s better to stay stern and have a (false) backup guesthouse in mind for those situations. As there was a case when a girl was spied, then raped and later murdered…. that’s the risk of revealing the location or sharing any personal story."
Challenges faced by girls travelling alone in India.html_P023,Challenges faced by girls travelling alone in India.html,Challenges faced by girls travelling alone in India,blog,True,Social Constraints,Patriarchal Gaze & Cultural Norms,0.1885,Reflective / Neutral,Neutral,stigma,"Even if we have many hurdles, we still step out every day. Girls have overcome some road blocks and I am glad to say India is definitely progressing and with amazing concept like Women only travel groups by Wander Womaniya, girls have been able to somewhat overcome the stigma of solo travelling. There have been few successful stories of girls travelling alone and we hope soon it will no more be alienated, instead appreciated and encouraged."
Challenges faced by girls travelling alone in India.html_P024,Challenges faced by girls travelling alone in India.html,Challenges faced by girls travelling alone in India,blog,False,General Travel Narrative,Descriptive / Contextual,0.0803,Reflective / Neutral,Neutral,,"Wander Womaniya helps solo female travelers to explore & travel without the worry of safety & security and even the need to micro manage your itinerary or the hassle of making the bookings, selecting the right hotel because everything is already taken care of you just need to choose your next trip with them and do the packing!!"
Challenges faced by girls travelling alone in India.html_P025,Challenges faced by girls travelling alone in India.html,Challenges faced by girls travelling alone in India,blog,False,General Travel Narrative,Descriptive / Contextual,0.0,Reflective / Neutral,Neutral,,Contributed by Ms. Nayana Rajni
Challenges Faced by Solo Women Travellers & How to Deal with them - The Pretty City Girl _ Indian Travel & Lifestyle Blog.html_P001,Challenges Faced by Solo Women Travellers & How to Deal with them - The Pretty City Girl _ Indian Travel & Lifestyle Blog.html,Challenges Faced by Solo Women Travellers & How to Deal with them,blog,False,General Travel Narrative,Descriptive / Contextual,0.0,Reflective / Neutral,Neutral,,Lifestyle Fashion Beauty Food Tech
Challenges Faced by Solo Women Travellers & How to Deal with them - The Pretty City Girl _ Indian Travel & Lifestyle Blog.html_P002,Challenges Faced by Solo Women Travellers & How to Deal with them - The Pretty City Girl _ Indian Travel & Lifestyle Blog.html,Challenges Faced by Solo Women Travellers & How to Deal with them,blog,False,General Travel Narrative,Descriptive / Contextual,0.0,Reflective / Neutral,Neutral,,Download Free Printables Free Wallpapers
Challenges Faced by Solo Women Travellers & How to Deal with them - The Pretty City Girl _ Indian Travel & Lifestyle Blog.html_P003,Challenges Faced by Solo Women Travellers & How to Deal with them - The Pretty City Girl _ Indian Travel & Lifestyle Blog.html,Challenges Faced by Solo Women Travellers & How to Deal with them,blog,False,General Travel Narrative,Descriptive / Contextual,0.0,Reflective / Neutral,Neutral,,Lifestyle ► Fashion Beauty Food Tech
Challenges Faced by Solo Women Travellers & How to Deal with them - The Pretty City Girl _ Indian Travel & Lifestyle Blog.html_P004,Challenges Faced by Solo Women Travellers & How to Deal with them - The Pretty City Girl _ Indian Travel & Lifestyle Blog.html,Challenges Faced by Solo Women Travellers & How to Deal with them,blog,False,General Travel Narrative,Descriptive / Contextual,0.0,Reflective / Neutral,Neutral,,Download ► Free Printables Free Wallpapers
Challenges Faced by Solo Women Travellers & How to Deal with them - The Pretty City Girl _ Indian Travel & Lifestyle Blog.html_P005,Challenges Faced by Solo Women Travellers & How to Deal with them - The Pretty City Girl _ Indian Travel & Lifestyle Blog.html,Challenges Faced by Solo Women Travellers & How to Deal with them,blog,False,General Travel Narrative,Descriptive / Contextual,0.0,Reflective / Neutral,Neutral,,8 Must See Places For Your Next Vac...
Challenges Faced by Solo Women Travellers & How to Deal with them - The Pretty City Girl _ Indian Travel & Lifestyle Blog.html_P006,Challenges Faced by Solo Women Travellers & How to Deal with them - The Pretty City Girl _ Indian Travel & Lifestyle Blog.html,Challenges Faced by Solo Women Travellers & How to Deal with them,blog,True,Physical Constraints,Infrastructure & Transit Vulnerability,0.1537,Reflective / Neutral,Neutral,,"Hampi Unveiled: A 2-Night, 3-Day It..."
Challenges Faced by Solo Women Travellers & How to Deal with them - The Pretty City Girl _ Indian Travel & Lifestyle Blog.html_P007,Challenges Faced by Solo Women Travellers & How to Deal with them - The Pretty City Girl _ Indian Travel & Lifestyle Blog.html,Challenges Faced by Solo Women Travellers & How to Deal with them,blog,False,General Travel Narrative,Descriptive / Contextual,0.0,Reflective / Neutral,Neutral,,Wah Tea Estate — Palampur's Hidden ...
Challenges Faced by Solo Women Travellers & How to Deal with them - The Pretty City Girl _ Indian Travel & Lifestyle Blog.html_P008,Challenges Faced by Solo Women Travellers & How to Deal with them - The Pretty City Girl _ Indian Travel & Lifestyle Blog.html,Challenges Faced by Solo Women Travellers & How to Deal with them,blog,False,General Travel Narrative,Descriptive / Contextual,0.0,Reflective / Neutral,Neutral,,Cetaphil Moisturising Cream Review I don't really require a moisturiser staying in Mumbai. I use any lotion either received through collaboration or as a gift from my...
Challenges Faced by Solo Women Travellers & How to Deal with them - The Pretty City Girl _ Indian Travel & Lifestyle Blog.html_P009,Challenges Faced by Solo Women Travellers & How to Deal with them - The Pretty City Girl _ Indian Travel & Lifestyle Blog.html,Challenges Faced by Solo Women Travellers & How to Deal with them,blog,False,General Travel Narrative,Descriptive / Contextual,0.0439,Reflective / Neutral,Neutral,,"How to Style 'Revealing' Clothes — A Fashion Guide for Shorts, Dresses & Tank Tops Well, I get asked a lot how to pair a certain type of 'revealing' top and what inners one should wear. In fact, my female followers ..."
Challenges Faced by Solo Women Travellers & How to Deal with them - The Pretty City Girl _ Indian Travel & Lifestyle Blog.html_P010,Challenges Faced by Solo Women Travellers & How to Deal with them - The Pretty City Girl _ Indian Travel & Lifestyle Blog.html,Challenges Faced by Solo Women Travellers & How to Deal with them,blog,True,Social Constraints,Racialized & Foreign Vulnerability,0.1368,Reflective / Neutral,Neutral,,Everything about Cysteine Hair Treatment I was unaware of cysteine treatment until I saw a friend with magically transformed hair. I saw a change in th...
Challenges Faced by Solo Women Travellers & How to Deal with them - The Pretty City Girl _ Indian Travel & Lifestyle Blog.html_P011,Challenges Faced by Solo Women Travellers & How to Deal with them - The Pretty City Girl _ Indian Travel & Lifestyle Blog.html,Challenges Faced by Solo Women Travellers & How to Deal with them,blog,False,General Travel Narrative,Descriptive / Contextual,0.0,Reflective / Neutral,Neutral,,► 2025 (2) ► June (1) ► April (1)
Challenges Faced by Solo Women Travellers & How to Deal with them - The Pretty City Girl _ Indian Travel & Lifestyle Blog.html_P012,Challenges Faced by Solo Women Travellers & How to Deal with them - The Pretty City Girl _ Indian Travel & Lifestyle Blog.html,Challenges Faced by Solo Women Travellers & How to Deal with them,blog,False,General Travel Narrative,Descriptive / Contextual,0.0,Reflective / Neutral,Neutral,,► 2024 (7) ► November (1) ► October (1) ► June (1) ► May (2) ► April (1) ► March (1)
Challenges Faced by Solo Women Travellers & How to Deal with them - The Pretty City Girl _ Indian Travel & Lifestyle Blog.html_P013,Challenges Faced by Solo Women Travellers & How to Deal with them - The Pretty City Girl _ Indian Travel & Lifestyle Blog.html,Challenges Faced by Solo Women Travellers & How to Deal with them,blog,False,General Travel Narrative,Descriptive / Contextual,0.0,Reflective / Neutral,Neutral,,► 2023 (13) ► December (2) ► November (1) ► October (1) ► September (2) ► August (5) ► April (1) ► March (1)
Challenges Faced by Solo Women Travellers & How to Deal with them - The Pretty City Girl _ Indian Travel & Lifestyle Blog.html_P014,Challenges Faced by Solo Women Travellers & How to Deal with them - The Pretty City Girl _ Indian Travel & Lifestyle Blog.html,Challenges Faced by Solo Women Travellers & How to Deal with them,blog,False,General Travel Narrative,Descriptive / Contextual,0.0,Reflective / Neutral,Neutral,,► 2022 (8) ► December (3) ► November (1) ► August (1) ► April (1) ► March (1) ► January (1)
Challenges Faced by Solo Women Travellers & How to Deal with them - The Pretty City Girl _ Indian Travel & Lifestyle Blog.html_P015,Challenges Faced by Solo Women Travellers & How to Deal with them - The Pretty City Girl _ Indian Travel & Lifestyle Blog.html,Challenges Faced by Solo Women Travellers & How to Deal with them,blog,False,General Travel Narrative,Descriptive / Contextual,0.0,Reflective / Neutral,Neutral,,► 2021 (11) ► October (1) ► September (2) ► August (1) ► May (2) ► April (3) ► March (1) ► February (1)
Challenges Faced by Solo Women Travellers & How to Deal with them - The Pretty City Girl _ Indian Travel & Lifestyle Blog.html_P016,Challenges Faced by Solo Women Travellers & How to Deal with them - The Pretty City Girl _ Indian Travel & Lifestyle Blog.html,Challenges Faced by Solo Women Travellers & How to Deal with them,blog,False,General Travel Narrative,Descriptive / Contextual,0.0564,Reflective / Neutral,Neutral,,▼ 2020 (27) ► December (2) ► September (2) ► August (3) ► July (2) ► June (3) ► May (5) ► April (2) ► March (3) ▼ February (4) Challenges Faced by Solo Women Travellers & How to... Mysore-Coorg Tour Itinerary | 5 Days Itinerary Jaipur Itinerary for 3 Days – Things to do in Indi... Handcrafted & Natural | Deyga Skin Care Brand Review ► January (1)
Challenges Faced by Solo Women Travellers & How to Deal with them - The Pretty City Girl _ Indian Travel & Lifestyle Blog.html_P017,Challenges Faced by Solo Women Travellers & How to Deal with them - The Pretty City Girl _ Indian Travel & Lifestyle Blog.html,Challenges Faced by Solo Women Travellers & How to Deal with them,blog,False,General Travel Narrative,Descriptive / Contextual,0.0643,Reflective / Neutral,Neutral,,▼ February (4) Challenges Faced by Solo Women Travellers & How to... Mysore-Coorg Tour Itinerary | 5 Days Itinerary Jaipur Itinerary for 3 Days – Things to do in Indi... Handcrafted & Natural | Deyga Skin Care Brand Review
Challenges Faced by Solo Women Travellers & How to Deal with them - The Pretty City Girl _ Indian Travel & Lifestyle Blog.html_P018,Challenges Faced by Solo Women Travellers & How to Deal with them - The Pretty City Girl _ Indian Travel & Lifestyle Blog.html,Challenges Faced by Solo Women Travellers & How to Deal with them,blog,False,General Travel Narrative,Descriptive / Contextual,0.0373,Reflective / Neutral,Neutral,,Challenges Faced by Solo Women Travellers & How to...
Challenges Faced by Solo Women Travellers & How to Deal with them - The Pretty City Girl _ Indian Travel & Lifestyle Blog.html_P019,Challenges Faced by Solo Women Travellers & How to Deal with them - The Pretty City Girl _ Indian Travel & Lifestyle Blog.html,Challenges Faced by Solo Women Travellers & How to Deal with them,blog,False,General Travel Narrative,Descriptive / Contextual,0.1128,Reflective / Neutral,Neutral,,Mysore-Coorg Tour Itinerary | 5 Days Itinerary
Challenges Faced by Solo Women Travellers & How to Deal with them - The Pretty City Girl _ Indian Travel & Lifestyle Blog.html_P020,Challenges Faced by Solo Women Travellers & How to Deal with them - The Pretty City Girl _ Indian Travel & Lifestyle Blog.html,Challenges Faced by Solo Women Travellers & How to Deal with them,blog,False,General Travel Narrative,Descriptive / Contextual,0.0485,Reflective / Neutral,Neutral,,Jaipur Itinerary for 3 Days – Things to do in Indi...
Challenges Faced by Solo Women Travellers & How to Deal with them - The Pretty City Girl _ Indian Travel & Lifestyle Blog.html_P021,Challenges Faced by Solo Women Travellers & How to Deal with them - The Pretty City Girl _ Indian Travel & Lifestyle Blog.html,Challenges Faced by Solo Women Travellers & How to Deal with them,blog,False,General Travel Narrative,Descriptive / Contextual,0.056,Reflective / Neutral,Neutral,,Handcrafted & Natural | Deyga Skin Care Brand Review
Challenges Faced by Solo Women Travellers & How to Deal with them - The Pretty City Girl _ Indian Travel & Lifestyle Blog.html_P022,Challenges Faced by Solo Women Travellers & How to Deal with them - The Pretty City Girl _ Indian Travel & Lifestyle Blog.html,Challenges Faced by Solo Women Travellers & How to Deal with them,blog,False,General Travel Narrative,Descriptive / Contextual,0.0,Reflective / Neutral,Neutral,,► 2019 (45) ► December (4) ► November (2) ► October (1) ► September (4) ► August (2) ► July (3) ► June (3) ► May (6) ► April (6) ► March (8) ► February (4) ► January (2)
Challenges Faced by Solo Women Travellers & How to Deal with them - The Pretty City Girl _ Indian Travel & Lifestyle Blog.html_P023,Challenges Faced by Solo Women Travellers & How to Deal with them - The Pretty City Girl _ Indian Travel & Lifestyle Blog.html,Challenges Faced by Solo Women Travellers & How to Deal with them,blog,False,General Travel Narrative,Descriptive / Contextual,0.0,Reflective / Neutral,Neutral,,► 2018 (64) ► December (4) ► November (3) ► October (6) ► September (6) ► August (12) ► July (5) ► June (3) ► May (6) ► April (4) ► March (6) ► February (6) ► January (3)
Challenges Faced by Solo Women Travellers & How to Deal with them - The Pretty City Girl _ Indian Travel & Lifestyle Blog.html_P024,Challenges Faced by Solo Women Travellers & How to Deal with them - The Pretty City Girl _ Indian Travel & Lifestyle Blog.html,Challenges Faced by Solo Women Travellers & How to Deal with them,blog,False,General Travel Narrative,Descriptive / Contextual,0.0,Reflective / Neutral,Neutral,,► 2017 (154) ► December (5) ► November (11) ► October (16) ► September (11) ► August (14) ► July (12) ► June (17) ► May (13) ► April (12) ► March (12) ► February (12) ► January (19)
Challenges Faced by Solo Women Travellers & How to Deal with them - The Pretty City Girl _ Indian Travel & Lifestyle Blog.html_P025,Challenges Faced by Solo Women Travellers & How to Deal with them - The Pretty City Girl _ Indian Travel & Lifestyle Blog.html,Challenges Faced by Solo Women Travellers & How to Deal with them,blog,False,General Travel Narrative,Descriptive / Contextual,0.0,Reflective / Neutral,Neutral,,► 2016 (244) ► December (23) ► November (17) ► October (14) ► September (15) ► August (18) ► July (20) ► June (20) ► May (25) ► April (21) ► March (21) ► February (22) ► January (28)
Challenges Faced by Solo Women Travellers & How to Deal with them - The Pretty City Girl _ Indian Travel & Lifestyle Blog.html_P026,Challenges Faced by Solo Women Travellers & How to Deal with them - The Pretty City Girl _ Indian Travel & Lifestyle Blog.html,Challenges Faced by Solo Women Travellers & How to Deal with them,blog,False,General Travel Narrative,Descriptive / Contextual,0.0,Reflective / Neutral,Neutral,,► 2015 (274) ► December (25) ► November (13) ► October (19) ► September (22) ► August (28) ► July (29) ► June (26) ► May (21) ► April (23) ► March (26) ► February (20) ► January (22)
Challenges Faced by Solo Women Travellers & How to Deal with them - The Pretty City Girl _ Indian Travel & Lifestyle Blog.html_P027,Challenges Faced by Solo Women Travellers & How to Deal with them - The Pretty City Girl _ Indian Travel & Lifestyle Blog.html,Challenges Faced by Solo Women Travellers & How to Deal with them,blog,False,General Travel Narrative,Descriptive / Contextual,0.0,Reflective / Neutral,Neutral,,► 2014 (280) ► December (21) ► November (18) ► October (22) ► September (24) ► August (22) ► July (21) ► June (22) ► May (27) ► April (27) ► March (30) ► February (22) ► January (24)
Challenges Faced by Solo Women Travellers & How to Deal with them - The Pretty City Girl _ Indian Travel & Lifestyle Blog.html_P028,Challenges Faced by Solo Women Travellers & How to Deal with them - The Pretty City Girl _ Indian Travel & Lifestyle Blog.html,Challenges Faced by Solo Women Travellers & How to Deal with them,blog,False,General Travel Narrative,Descriptive / Contextual,0.0,Reflective / Neutral,Neutral,,► 2013 (124) ► December (25) ► November (27) ► October (30) ► September (42)
download.htm.html_P001,download.htm.html,Adventurous Kate,blog,True,Experiential Well-Being & Self-Leadership,Empowerment & Self-Efficacy,0.2647,Empowerment & Confidence,Positive,confidence,Learn to travel anywhere with confidence.
download.htm.html_P002,download.htm.html,Adventurous Kate,blog,False,General Travel Narrative,Descriptive / Contextual,0.1109,Reflective / Neutral,Neutral,,My name is Kate and I teach women how to travel the world safely! I’m here to help you have the best trip ever.
download.htm.html_P003,download.htm.html,Adventurous Kate,blog,False,General Travel Narrative,Descriptive / Contextual,0.0257,Reflective / Neutral,Neutral,,"I quit my job to travel the world alone in 2010 and began creating resources to show women how to get the most out of their trips. 14 years later, and 89 countries later, this site is a treasure trove."
download.htm.html_P004,download.htm.html,Adventurous Kate,blog,True,Travel Intention & Mobility Decisions,Solo Continuation & Advocacy,0.1344,Reflective / Neutral,Neutral,,"Whether you need guidance for your first solo trip or you’re a seasoned traveler looking for destination inspiration, you’ve come to the right place!"
download.htm.html_P005,download.htm.html,Adventurous Kate,blog,False,General Travel Narrative,Descriptive / Contextual,0.0347,Reflective / Neutral,Neutral,,You’re the most genuine blogger I’ve ever read…I’ve consumed a lot of blogs and travel related content in the past decade but you’re the only one I really trust and can genuinely say puts your readers first.
download.htm.html_P006,download.htm.html,Adventurous Kate,blog,True,Perceived Safety,Subjective Security vs. Vulnerability,0.2173,Vulnerability & Fear,Negative,uncomfortable,"No one tackles the uncomfortable and difficult subjects like Kate does. I feel like she makes me a more aware and ethical traveler. It’s a complete bonus that reading her is like manifesting that wickedly intelligent, hilarious well-traveled friend we would all love to have."
download.htm.html_P007,download.htm.html,Adventurous Kate,blog,False,General Travel Narrative,Descriptive / Contextual,0.0,Reflective / Neutral,Neutral,,AK Monthly Recap: December 2025
download.htm.html_P008,download.htm.html,Adventurous Kate,blog,False,General Travel Narrative,Descriptive / Contextual,0.0304,Reflective / Neutral,Neutral,,My Favorite New Destinations of 2025
download.htm.html_P009,download.htm.html,Adventurous Kate,blog,False,General Travel Narrative,Descriptive / Contextual,0.0244,Reflective / Neutral,Neutral,,My Worst Travel Moments of 2025
download.htm.html_P010,download.htm.html,Adventurous Kate,blog,False,General Travel Narrative,Descriptive / Contextual,0.0631,Reflective / Neutral,Neutral,,How to Be Less of a Traveling Asshole in 2020
download.htm.html_P011,download.htm.html,Adventurous Kate,blog,False,General Travel Narrative,Descriptive / Contextual,0.0711,Reflective / Neutral,Neutral,,Backpacking Southeast Asia vs. Backpacking Central America
download.htm.html_P012,download.htm.html,Adventurous Kate,blog,False,General Travel Narrative,Descriptive / Contextual,0.0507,Reflective / Neutral,Neutral,,Top 10 Travel Safety Tips for Women
download.htm.html_P013,download.htm.html,Adventurous Kate,blog,False,General Travel Narrative,Descriptive / Contextual,0.1134,Vulnerability & Fear,Negative,,How to Survive Pre-Trip Anxiety
download.htm.html_P014,download.htm.html,Adventurous Kate,blog,False,General Travel Narrative,Descriptive / Contextual,0.0312,Reflective / Neutral,Neutral,,Travel Safety: Always Consider the Source
download.htm.html_P015,download.htm.html,Adventurous Kate,blog,False,General Travel Narrative,Descriptive / Contextual,0.0718,Reflective / Neutral,Neutral,,Solo Female Travel in New Orleans: How to Stay Safe and Have Fun!
download.htm.html_P016,download.htm.html,Adventurous Kate,blog,False,General Travel Narrative,Descriptive / Contextual,0.0,Reflective / Neutral,Neutral,,"14 Reasons Why I’m Smitten with Asheville, North Carolina"
download.htm.html_P017,download.htm.html,Adventurous Kate,blog,False,General Travel Narrative,Descriptive / Contextual,0.0,Reflective / Neutral,Neutral,,How to Spend Three Days in Savannah
Honest Safety Advice for Traveling Alone as a Woman.html_P001,Honest Safety Advice for Traveling Alone as a Woman.html,Honest Safety Advice for Traveling Alone as a Woman,blog,False,General Travel Narrative,Descriptive / Contextual,0.0,Reflective / Neutral,Neutral,,"Last updated on October 7, 2024 by Shannon"
Honest Safety Advice for Traveling Alone as a Woman.html_P002,Honest Safety Advice for Traveling Alone as a Woman.html,Honest Safety Advice for Traveling Alone as a Woman,blog,False,General Travel Narrative,Descriptive / Contextual,0.0651,Reflective / Neutral,Neutral,,Concerns about my safety on the road plagued those who love and care about me when I first announced my plan to travel solo around the world as a single woman.
Honest Safety Advice for Traveling Alone as a Woman.html_P003,Honest Safety Advice for Traveling Alone as a Woman.html,Honest Safety Advice for Traveling Alone as a Woman,blog,False,General Travel Narrative,Descriptive / Contextual,0.0306,Reflective / Neutral,Neutral,,Long-term travel is still an uncommon practice in the United States (compared to Europe and Australia) so perhaps the chief issue I dealt with was the fact that most of my friends had never heard of someone taking a round the world trip.
Honest Safety Advice for Traveling Alone as a Woman.html_P004,Honest Safety Advice for Traveling Alone as a Woman.html,Honest Safety Advice for Traveling Alone as a Woman,blog,False,General Travel Narrative,Descriptive / Contextual,0.0585,Reflective / Neutral,Neutral,,Top that with media portrayals of other countries and you might think every country outside the United States is fraught with peril at every corner.
Honest Safety Advice for Traveling Alone as a Woman.html_P005,Honest Safety Advice for Traveling Alone as a Woman.html,Honest Safety Advice for Traveling Alone as a Woman,blog,False,General Travel Narrative,Descriptive / Contextual,0.0,Reflective / Neutral,Neutral,,But let’s dig a little deeper.
Honest Safety Advice for Traveling Alone as a Woman.html_P006,Honest Safety Advice for Traveling Alone as a Woman.html,Honest Safety Advice for Traveling Alone as a Woman,blog,False,General Travel Narrative,Descriptive / Contextual,0.0878,Reflective / Neutral,Neutral,,Is it Safe to Travel Alone as a Woman? The Reality of Solo Female Travel
Honest Safety Advice for Traveling Alone as a Woman.html_P007,Honest Safety Advice for Traveling Alone as a Woman.html,Honest Safety Advice for Traveling Alone as a Woman,blog,False,General Travel Narrative,Descriptive / Contextual,0.0288,Vulnerability & Fear,Negative,,"I have not found these fears to pan out on the road these past years, but in my early days of planning, their fears became my fears and the entire situation caused, to-date, the only anxiety attacks I have ever had."
Honest Safety Advice for Traveling Alone as a Woman.html_P008,Honest Safety Advice for Traveling Alone as a Woman.html,Honest Safety Advice for Traveling Alone as a Woman,blog,False,General Travel Narrative,Descriptive / Contextual,0.0462,Reflective / Neutral,Neutral,,"It was the solo aspect more than the safety when I first left (in the throes of the naïveté of my mid-twenties), but both fears were present during that first year. Before I left, my solo fears circled around the idea of loneliness, but safety is the biggie that gets thrown in my face most often, then as well as now, when I announce new places I will visit."
Honest Safety Advice for Traveling Alone as a Woman.html_P009,Honest Safety Advice for Traveling Alone as a Woman.html,Honest Safety Advice for Traveling Alone as a Woman,blog,True,Social Constraints,Patriarchal Gaze & Cultural Norms,0.454,Reflective / Neutral,Neutral,gender inequality,"I am a young solo female and thus pretty much lowest on the totem pole in terms of the types of travelers. Couples have safety in numbers and male solo travelers have an easier go of it in terms of world-wide gender inequality issues, a fact not up for debate—it’s just different for a solo man."
Honest Safety Advice for Traveling Alone as a Woman.html_P010,Honest Safety Advice for Traveling Alone as a Woman.html,Honest Safety Advice for Traveling Alone as a Woman,blog,False,General Travel Narrative,Descriptive / Contextual,0.0713,Reflective / Neutral,Neutral,,"So, I’d like to take a look at the different elements of safety on the road—it’s broad topic in regards to travel, and most travelers I know have, at one time or another, dealt with safety fears related to: health, physical safety, and risky activities."
Honest Safety Advice for Traveling Alone as a Woman.html_P011,Honest Safety Advice for Traveling Alone as a Woman.html,Honest Safety Advice for Traveling Alone as a Woman,blog,False,General Travel Narrative,Descriptive / Contextual,0.0283,Reflective / Neutral,Neutral,,"Health is a topic for another day; today I’m focusing on physical safety fears that I could have let overcome my desire to travel the world. These are fears that I still consciously choose to overcome each time I leave because it’s not a one-shot deal . . . the nature of some fears is that they are solved for a time and place, but not in general."
Honest Safety Advice for Traveling Alone as a Woman.html_P012,Honest Safety Advice for Traveling Alone as a Woman.html,Honest Safety Advice for Traveling Alone as a Woman,blog,True,Perceived Safety,Subjective Security vs. Vulnerability,0.1955,Vulnerability & Fear,Negative,fear,"I travel, but it does not mean that I don’t harbor fear; fear is a part of the human experience and evolutionary wise it was needed for survival. Now though, a lot of what triggers fears on the evolutionary scale are no longer valid (it’s unlikely a cougar will stalk me down a city street at night) but they are vestiges of being human, so let’s understand and address the main fears, one by one."
Honest Safety Advice for Traveling Alone as a Woman.html_P013,Honest Safety Advice for Traveling Alone as a Woman.html,Honest Safety Advice for Traveling Alone as a Woman,blog,False,General Travel Narrative,Descriptive / Contextual,0.0256,Reflective / Neutral,Neutral,,What Does Travel Safety Really Mean?
Honest Safety Advice for Traveling Alone as a Woman.html_P014,Honest Safety Advice for Traveling Alone as a Woman.html,Honest Safety Advice for Traveling Alone as a Woman,blog,False,General Travel Narrative,Descriptive / Contextual,0.0131,Reflective / Neutral,Neutral,,I have only increased my safety by traveling rather than simply staying home. I now have a greater breadth of experience and knowledge to draw upon when assessing uncertain situations.
Honest Safety Advice for Traveling Alone as a Woman.html_P015,Honest Safety Advice for Traveling Alone as a Woman.html,Honest Safety Advice for Traveling Alone as a Woman,blog,False,General Travel Narrative,Descriptive / Contextual,0.0131,Reflective / Neutral,Neutral,,I have only increased my safety by traveling rather than simply staying home. I now have a greater breadth of experience and knowledge to draw upon when assessing uncertain situations.
Honest Safety Advice for Traveling Alone as a Woman.html_P016,Honest Safety Advice for Traveling Alone as a Woman.html,Honest Safety Advice for Traveling Alone as a Woman,blog,False,General Travel Narrative,Descriptive / Contextual,0.1138,Reflective / Neutral,Neutral,,On Traveling as a Single Woman Alone
Honest Safety Advice for Traveling Alone as a Woman.html_P017,Honest Safety Advice for Traveling Alone as a Woman.html,Honest Safety Advice for Traveling Alone as a Woman,blog,True,Perceived Safety,Subjective Security vs. Vulnerability,0.2201,Vulnerability & Fear,Negative,fear,If we boil down the core fear for solo women it’s rape. And I can’t downplay that; it’s a fear I share and it’s the main differentiating part of traveling as a solo woman—it’s my fear and the fear of every person who raises their eyebrow when I share that I travel solo.
Honest Safety Advice for Traveling Alone as a Woman.html_P018,Honest Safety Advice for Traveling Alone as a Woman.html,Honest Safety Advice for Traveling Alone as a Woman,blog,False,General Travel Narrative,Descriptive / Contextual,0.0828,Reflective / Neutral,Neutral,,"My best friend’s mother heartily disapproves of my travels. And though it often concerns the places I choose to visit (U.S. media does not treat Mexico well in the news), she has known me since I was in high school and she genuinely fears for my safety; she fears that something truly devastating will happen."
Honest Safety Advice for Traveling Alone as a Woman.html_P019,Honest Safety Advice for Traveling Alone as a Woman.html,Honest Safety Advice for Traveling Alone as a Woman,blog,False,General Travel Narrative,Descriptive / Contextual,0.1129,Reflective / Neutral,Neutral,,"And for my family, my dad puts a lot of trust in my judgment because he seldom mentions the core dangers. He emails me travel warnings and keeps me updated on conflicts in areas nearby my travel route—so I know he’s concerned—but he trusts me treat my own life with care, and that’s the main advice I usually email to other travels: respect your own life."
Honest Safety Advice for Traveling Alone as a Woman.html_P020,Honest Safety Advice for Traveling Alone as a Woman.html,Honest Safety Advice for Traveling Alone as a Woman,blog,False,General Travel Narrative,Descriptive / Contextual,0.0686,Reflective / Neutral,Neutral,,"I take precautions and steps to mitigate the chances I am in a bad situation; I choose hostels in safe areas; I stay sober, and I stay aware."
Honest Safety Advice for Traveling Alone as a Woman.html_P021,Honest Safety Advice for Traveling Alone as a Woman.html,Honest Safety Advice for Traveling Alone as a Woman,blog,False,General Travel Narrative,Descriptive / Contextual,0.0324,Vulnerability & Fear,Negative,,"There are more practical actions too, and I share more at the end of this post. Beyond that, I can’t stop random acts of violence on the road any more than I can at home—and the rape/homicide rates in many U.S. cities prove that home is dangerous, too."
Honest Safety Advice for Traveling Alone as a Woman.html_P022,Honest Safety Advice for Traveling Alone as a Woman.html,Honest Safety Advice for Traveling Alone as a Woman,blog,True,Physical Constraints,Sexual Harassment & Unwanted Attention,0.2818,Reflective / Neutral,Neutral,harassment,"Safety as a solo female traveler also involves discussing sexual harassment. Female readers have asked over the years if I’ve ever feared for my safety, if I’ve had negative experiences on the road."
Honest Safety Advice for Traveling Alone as a Woman.html_P023,Honest Safety Advice for Traveling Alone as a Woman.html,Honest Safety Advice for Traveling Alone as a Woman,blog,False,General Travel Narrative,Descriptive / Contextual,0.0314,Reflective / Neutral,Neutral,,"I’m always tempted to write back that I’m lucky nothing terrible has happened to me, but that statement just pisses me off because it shouldn’t come down to luck. As a woman, I shouldn’t have to hope and pray that a man doesn’t decide to harm me, but it’s the state of the world."
Honest Safety Advice for Traveling Alone as a Woman.html_P024,Honest Safety Advice for Traveling Alone as a Woman.html,Honest Safety Advice for Traveling Alone as a Woman,blog,False,General Travel Narrative,Descriptive / Contextual,0.0666,Reflective / Neutral,Neutral,,Let’s look at that idea more closely: Safety for female travelers comes down to luck and not preparation alone.
Honest Safety Advice for Traveling Alone as a Woman.html_P025,Honest Safety Advice for Traveling Alone as a Woman.html,Honest Safety Advice for Traveling Alone as a Woman,blog,True,Perceived Safety,Subjective Security vs. Vulnerability,0.4424,Calculated Caution & Vigilance,Protective,"avoided, sense of security","Anyone who says that they avoided issues on the road “because they were prepared,” or because they did “all the right things,” imply a false sense of security. Plus it’s an insult to any woman who has been harmed while traveling—citing preparation as the sole reason for safety does a grave disservice to the facts."
Honest Safety Advice for Traveling Alone as a Woman.html_P026,Honest Safety Advice for Traveling Alone as a Woman.html,Honest Safety Advice for Traveling Alone as a Woman,blog,False,General Travel Narrative,Descriptive / Contextual,0.04,Reflective / Neutral,Neutral,,Violence against women is an epidemic.
Honest Safety Advice for Traveling Alone as a Woman.html_P027,Honest Safety Advice for Traveling Alone as a Woman.html,Honest Safety Advice for Traveling Alone as a Woman,blog,False,General Travel Narrative,Descriptive / Contextual,0.0296,Reflective / Neutral,Neutral,,"It’s a problem in the U.S., and a problem in many countries I visit. I can take steps to minimize my exposure to risk when traveling, but I can’t change the nature of the world—this ready violence against women. No one can plan against the sheer ill-luck of being in the wrong place at the wrong time."
Honest Safety Advice for Traveling Alone as a Woman.html_P028,Honest Safety Advice for Traveling Alone as a Woman.html,Honest Safety Advice for Traveling Alone as a Woman,blog,True,Physical Constraints,Sexual Harassment & Unwanted Attention,0.21,Reflective / Neutral,Neutral,groped,"For the sake of transparency on this issue, I have been aggressively groped three times in my life. Each time I was disappointed and mad, and (luckily) none were to the point that I feared it would go further. Each incident reminded me that the way society sees women has a long way to go in a lot of places in the world, my own country included."
Honest Safety Advice for Traveling Alone as a Woman.html_P029,Honest Safety Advice for Traveling Alone as a Woman.html,Honest Safety Advice for Traveling Alone as a Woman,blog,True,Constraint Negotiation & Coping Strategies,Spatial & Temporal Planning,0.1957,Reflective / Neutral,Neutral,daylight,"In 15+ years as a solo female traveler, I have experienced only two incidences of clear violence against me. One was in broad daylight during a festival in India and another in Jordan, also during the day. The third incident happened before I left to travel, at a bar in Los Angeles, and of the three it was the most aggressive, invasive, and left me feeling the worst—and it was in a crowded bar with my friends nearby."
Honest Safety Advice for Traveling Alone as a Woman.html_P030,Honest Safety Advice for Traveling Alone as a Woman.html,Honest Safety Advice for Traveling Alone as a Woman,blog,True,Perceived Safety,Subjective Security vs. Vulnerability,0.1866,Vulnerability & Fear,Negative,fear,"I didn’t write about these incidences at the time not out of fear, shame, or covering anything up, but rather because they did not define my travel experiences in Jordan or India, or in LA. And I wasn’t solo for any of them."
Honest Safety Advice for Traveling Alone as a Woman.html_P031,Honest Safety Advice for Traveling Alone as a Woman.html,Honest Safety Advice for Traveling Alone as a Woman,blog,True,Physical Constraints,Sexual Harassment & Unwanted Attention,0.2376,Reflective / Neutral,Neutral,harassment,"In fact, in all three instances I had men and friends nearby and it didn’t stop the harassment. Three continents, three entirely different cultures, and yet similar attitudes toward women created that shared experience . . . more a statement on the way women are treated the world over rather than on travel, specifically."
Honest Safety Advice for Traveling Alone as a Woman.html_P032,Honest Safety Advice for Traveling Alone as a Woman.html,Honest Safety Advice for Traveling Alone as a Woman,blog,False,General Travel Narrative,Descriptive / Contextual,0.0381,Reflective / Neutral,Neutral,,"I can’t say that nothing will befall female travelers, but I can say that it is not the norm. Truly. Kindness the world over has been the baseline of my experiences all over the world, but it’s hard to combat that when the random acts of violence against women are highlighted more prominently in global media."
Honest Safety Advice for Traveling Alone as a Woman.html_P033,Honest Safety Advice for Traveling Alone as a Woman.html,Honest Safety Advice for Traveling Alone as a Woman,blog,False,General Travel Narrative,Descriptive / Contextual,0.0215,Reflective / Neutral,Neutral,,"I know that if something happens to me—and there is that chance—that it will likely be random, and it will be poor timing: wrong place, wrong time. And it could just as likely happen during my time in the U.S. as in the places I travel."
Honest Safety Advice for Traveling Alone as a Woman.html_P034,Honest Safety Advice for Traveling Alone as a Woman.html,Honest Safety Advice for Traveling Alone as a Woman,blog,True,Perceived Safety,Subjective Security vs. Vulnerability,0.1832,Vulnerability & Fear,Negative,fear,"I can’t live from a place of fear. I travel with self-defined policies, agreements I have made with myself to lessen my exposure to risky situations. Beyond that, I put my trust in the world. It may fail me, but that is a risk I have consciously chosen."
Honest Safety Advice for Traveling Alone as a Woman.html_P036,Honest Safety Advice for Traveling Alone as a Woman.html,Honest Safety Advice for Traveling Alone as a Woman,blog,False,General Travel Narrative,Descriptive / Contextual,0.0457,Calculated Caution & Vigilance,Protective,,"There is no one-size rule. Life, and travel, is about constantly assessing a situation, making predictions, observations, and acting based on those assessments. Sometimes the assessments are off and I make a bad choice. But it is an absolute fact that traveling has greatly increased my ability to size up a situation and a person and make an accurate judgment."
Honest Safety Advice for Traveling Alone as a Woman.html_P037,Honest Safety Advice for Traveling Alone as a Woman.html,Honest Safety Advice for Traveling Alone as a Woman,blog,False,General Travel Narrative,Descriptive / Contextual,0.0253,Reflective / Neutral,Neutral,,"In talking to people from all walks of life—all cultures, backgrounds, attitudes—I have created a book of knowledge that I add to whenever I encounter something new."
Honest Safety Advice for Traveling Alone as a Woman.html_P038,Honest Safety Advice for Traveling Alone as a Woman.html,Honest Safety Advice for Traveling Alone as a Woman,blog,False,General Travel Narrative,Descriptive / Contextual,0.0207,Reflective / Neutral,Neutral,,"If safety is the topic, then I have only increased my safety by traveling—I have a greater breadth of experience and knowledge that I can draw from when assessing uncertain situations."
Honest Safety Advice for Traveling Alone as a Woman.html_P039,Honest Safety Advice for Traveling Alone as a Woman.html,Honest Safety Advice for Traveling Alone as a Woman,blog,False,General Travel Narrative,Descriptive / Contextual,0.0542,Reflective / Neutral,Neutral,,"A reader emailed me about taking risks. He heard my story about hiking an active volcano in Guatemala on a podcast and asked: “Something that called my attention was your positive attitude towards risk, so different from mine. [Please share] a few sentences about how you approach risk in your travels, and especially inside your mind.”"
Honest Safety Advice for Traveling Alone as a Woman.html_P040,Honest Safety Advice for Traveling Alone as a Woman.html,Honest Safety Advice for Traveling Alone as a Woman,blog,False,General Travel Narrative,Descriptive / Contextual,0.0465,Calculated Caution & Vigilance,Protective,,"I am not an adventurous traveler by any stretch—there are those who do all the big, risky, sporty things. For me though, while I try to nudge the boundaries of my comfort zone, there are many things I won’t do that others will. Travel is highly personal, so if you don’t want to hike a volcano then I say don’t do it and stand firm in that decision."
Honest Safety Advice for Traveling Alone as a Woman.html_P041,Honest Safety Advice for Traveling Alone as a Woman.html,Honest Safety Advice for Traveling Alone as a Woman,blog,True,Perceived Safety,Subjective Security vs. Vulnerability,0.1912,Vulnerability & Fear,Negative,uncomfortable,"When I was in Belize, just before I traveled through Guatemala, I had a big decision to make and I erred on the side of caution because it made me intensely uncomfortable to do something that some other travelers easily think is okay."
Honest Safety Advice for Traveling Alone as a Woman.html_P042,Honest Safety Advice for Traveling Alone as a Woman.html,Honest Safety Advice for Traveling Alone as a Woman,blog,False,General Travel Narrative,Descriptive / Contextual,0.0524,Reflective / Neutral,Neutral,,"I was at the blue hole, a popular dive site off the coast of Belize, and I had planned, dreamed, and anticipated diving there for several years. Once I arrived though, I didn’t like the attitudes of the dive companies—many take novice divers down even though it’s a difficult dive."
Honest Safety Advice for Traveling Alone as a Woman.html_P043,Honest Safety Advice for Traveling Alone as a Woman.html,Honest Safety Advice for Traveling Alone as a Woman,blog,False,General Travel Narrative,Descriptive / Contextual,0.0461,Vulnerability & Fear,Negative,,"The thought of diving that deep made me nervous, and I decided that seeing the caves 140 feet below the water was not worth the risk—I assessed the situation and realized I didn’t care enough about the experience to put myself on what I perceive is a risky dive."
Honest Safety Advice for Traveling Alone as a Woman.html_P044,Honest Safety Advice for Traveling Alone as a Woman.html,Honest Safety Advice for Traveling Alone as a Woman,blog,False,General Travel Narrative,Descriptive / Contextual,0.0605,Reflective / Neutral,Neutral,,"So I didn’t. Instead I snorkeled nearby, did a couple of shore dives on the reef, and had a perfectly enjoyable time. Other divers may think my decision was silly because thousands of people do that dive without harm, but it didn’t feel right for me. I trusted that feeling and my fears, and I don’t think that’s a bad thing."
Honest Safety Advice for Traveling Alone as a Woman.html_P045,Honest Safety Advice for Traveling Alone as a Woman.html,Honest Safety Advice for Traveling Alone as a Woman,blog,False,General Travel Narrative,Descriptive / Contextual,0.0495,Reflective / Neutral,Neutral,,"Traveling is highly personal and what one person does, enjoys, or finds interesting another won’t—and the same goes with risk."
Honest Safety Advice for Traveling Alone as a Woman.html_P046,Honest Safety Advice for Traveling Alone as a Woman.html,Honest Safety Advice for Traveling Alone as a Woman,blog,False,General Travel Narrative,Descriptive / Contextual,0.0839,Reflective / Neutral,Neutral,,Find the travel experience that you think fits you personally and that makes you excited to travel and go do that!
Honest Safety Advice for Traveling Alone as a Woman.html_P047,Honest Safety Advice for Traveling Alone as a Woman.html,Honest Safety Advice for Traveling Alone as a Woman,blog,False,General Travel Narrative,Descriptive / Contextual,0.0361,Reflective / Neutral,Neutral,,"Travel should excite you and push just at the edge of your comfort zone. That’s how we grow and change—not by necessarily doing outright risky things, but by confronting the small fears that are boxing us in and not allowing us to live the life we want."
Honest Safety Advice for Traveling Alone as a Woman.html_P048,Honest Safety Advice for Traveling Alone as a Woman.html,Honest Safety Advice for Traveling Alone as a Woman,blog,True,Perceived Safety,Subjective Security vs. Vulnerability,0.2412,Vulnerability & Fear,Negative,fear,"My fear of that dive made it unsafe for me. It pushed me too far outside my comfort zone, and it’s likely I would have done something dangerous from that fear. I knew it wasn’t a good choice because I wouldn’t have stayed calm, and that could prove fatal while diving that deep, when there’s no margin for error."
Honest Safety Advice for Traveling Alone as a Woman.html_P049,Honest Safety Advice for Traveling Alone as a Woman.html,Honest Safety Advice for Traveling Alone as a Woman,blog,True,Perceived Safety,Subjective Security vs. Vulnerability,0.1841,Vulnerability & Fear,Negative,fear,"For me, the balance of facing a fear versus the risks and safety of travel becomes learning what are informed fears—which are based on a truth—and which are instead masking fears of change or fears of challenging the status quo. It can be hard to tell the difference, at first, but there is a big difference in the actions that should result."
Honest Safety Advice for Traveling Alone as a Woman.html_P050,Honest Safety Advice for Traveling Alone as a Woman.html,Honest Safety Advice for Traveling Alone as a Woman,blog,False,General Travel Narrative,Descriptive / Contextual,0.1098,Reflective / Neutral,Neutral,,On the Actual Dangers of Solo Travel as a Single Woman
Honest Safety Advice for Traveling Alone as a Woman.html_P051,Honest Safety Advice for Traveling Alone as a Woman.html,Honest Safety Advice for Traveling Alone as a Woman,blog,False,General Travel Narrative,Descriptive / Contextual,0.0183,Reflective / Neutral,Neutral,,"The very basic fact of it all is that if something serious happens to me on the road it will likely be a transportation based injury—just like at home. Traffic accidents and drowning are far more common the world over than tragedies from these other fears according to the U.S. State Department. Fatal traffic accidents far outweigh death from terrorism, plane crashes, or infectious disease according to the CDC."
Honest Safety Advice for Traveling Alone as a Woman.html_P052,Honest Safety Advice for Traveling Alone as a Woman.html,Honest Safety Advice for Traveling Alone as a Woman,blog,False,General Travel Narrative,Descriptive / Contextual,0.0709,Reflective / Neutral,Neutral,,"Some chicken bus drivers in Central America are on duty for 24 hours while driving decades-old buses on pothole strewn roads. The rickety buses in India speed over high mountain passes in the dark and careen around curves protected by guard rails held on with scotch-tape and wishful thinking. Rampant corruption in Mexico (and Bali, and India, and . . .) means that no matter your traffic infraction, you can buy your way out of the ticket for less than $100 (and often just $20)."
Honest Safety Advice for Traveling Alone as a Woman.html_P053,Honest Safety Advice for Traveling Alone as a Woman.html,Honest Safety Advice for Traveling Alone as a Woman,blog,False,General Travel Narrative,Descriptive / Contextual,0.0517,Reflective / Neutral,Neutral,,"And a “Thai tattoo” in Thailand doesn’t refer to getting some ink while high on life—it’s the scabs, scars, and road rash mottling the skin of travelers who have crashed their motorbikes. Something that happens often enough that it has nicknames in every places travelers take this risk (it’s also so common in Bali that it’s called a Bali Kiss)."
Honest Safety Advice for Traveling Alone as a Woman.html_P054,Honest Safety Advice for Traveling Alone as a Woman.html,Honest Safety Advice for Traveling Alone as a Woman,blog,False,General Travel Narrative,Descriptive / Contextual,0.031,Reflective / Neutral,Neutral,,"In 2011, I got in a traffic accident in Laos with my niece Ana because I made a riskier decision than I probably should have, and I have several gnarly “Laos tattoos” that I will carry with me for the rest of my life."
Honest Safety Advice for Traveling Alone as a Woman.html_P055,Honest Safety Advice for Traveling Alone as a Woman.html,Honest Safety Advice for Traveling Alone as a Woman,blog,False,General Travel Narrative,Descriptive / Contextual,0.0,Reflective / Neutral,Neutral,,"Ana came out of the accident unscathed (thank god) but I had a serious muffler burn, went into shock, and limped away with a lot of road rash on my hip, elbow, and knees."
Honest Safety Advice for Traveling Alone as a Woman.html_P056,Honest Safety Advice for Traveling Alone as a Woman.html,Honest Safety Advice for Traveling Alone as a Woman,blog,False,General Travel Narrative,Descriptive / Contextual,0.0184,Reflective / Neutral,Neutral,,Did you know that fatal traffic accidents in Thailand are the second leading cause of death for U.S. travelers abroad? The first being traffic accidents in Mexico. No joke.
Honest Safety Advice for Traveling Alone as a Woman.html_P057,Honest Safety Advice for Traveling Alone as a Woman.html,Honest Safety Advice for Traveling Alone as a Woman,blog,False,General Travel Narrative,Descriptive / Contextual,0.0703,Reflective / Neutral,Neutral,,"Now compare this to the dialogue from people each time I leave for Mexico or Thailand. I hear about the drug cartels in Mexico, getting seriously sick, and the “scary people” who may harm me."
Honest Safety Advice for Traveling Alone as a Woman.html_P058,Honest Safety Advice for Traveling Alone as a Woman.html,Honest Safety Advice for Traveling Alone as a Woman,blog,False,General Travel Narrative,Descriptive / Contextual,0.1005,Reflective / Neutral,Neutral,,"The reality is that while precautions for the other areas are needed, our perceptions are skewed by the media. Outside perspectives often simply reinforcing political doctrine or maintain societal norms."
Honest Safety Advice for Traveling Alone as a Woman.html_P059,Honest Safety Advice for Traveling Alone as a Woman.html,Honest Safety Advice for Traveling Alone as a Woman,blog,False,General Travel Narrative,Descriptive / Contextual,0.0416,Reflective / Neutral,Neutral,,"The map of the world according to mainstream media would have me think a broad swath of the world is untravelable, that the people in these countries I visit cultivate hate and will actively harm me."
Honest Safety Advice for Traveling Alone as a Woman.html_P060,Honest Safety Advice for Traveling Alone as a Woman.html,Honest Safety Advice for Traveling Alone as a Woman,blog,False,General Travel Narrative,Descriptive / Contextual,0.0287,Reflective / Neutral,Neutral,,"More than 95% of the world may not like the politics of the west. They may not like my religion. But they are not seeking ways to harm me. Or you. In fact, that 95% doesn’t really think about me at all. They raise their kids and work each day to put food on the table . . . just like in the U.S."
Honest Safety Advice for Traveling Alone as a Woman.html_P061,Honest Safety Advice for Traveling Alone as a Woman.html,Honest Safety Advice for Traveling Alone as a Woman,blog,True,Social Constraints,Patriarchal Gaze & Cultural Norms,0.4471,Vulnerability & Fear,Negative,gender inequality,"So in terms of harm, I don’t feel the religious or cultural based fears. Granted, there are regions I approach with caution because of the gender inequality issues, but the danger map of the world is far different in actuality than you might think, so I point you to this post for more on accurately assessing location-based fears."
Honest Safety Advice for Traveling Alone as a Woman.html_P062,Honest Safety Advice for Traveling Alone as a Woman.html,Honest Safety Advice for Traveling Alone as a Woman,blog,True,Physical Constraints,Accommodation & Property Security,0.1892,Reflective / Neutral,Neutral,stolen,"Don’t forget to book travel insurance for your trip—a great policy provides coverage in case of medical emergencies, lost or stolen gear, adventure sports riders, and more. I’ve used IMG Global for more than a decade highly recommend it!"
Honest Safety Advice for Traveling Alone as a Woman.html_P063,Honest Safety Advice for Traveling Alone as a Woman.html,Honest Safety Advice for Traveling Alone as a Woman,blog,True,Experiential Well-Being & Self-Leadership,Empowerment & Self-Efficacy,0.1252,Reflective / Neutral,Neutral,,"On Overcoming Travel Safety Fears, Solo or Otherwise"
Honest Safety Advice for Traveling Alone as a Woman.html_P064,Honest Safety Advice for Traveling Alone as a Woman.html,Honest Safety Advice for Traveling Alone as a Woman,blog,True,Perceived Safety,Subjective Security vs. Vulnerability,0.1893,Vulnerability & Fear,Negative,fear,"Have enough fear to keep you present each moment of your travels, enough to keep you cautious, but not enough to stop you from traveling. Male or female, there is a basis for fear or we wouldn’t discuss this issue. Bad things can happen. But travel changed my life; it made me a better person, it opened opportunities in my life and facets of understanding I never knew I lacked. It bred compassion into the fiber of who I am as a citizen of this world."
Honest Safety Advice for Traveling Alone as a Woman.html_P065,Honest Safety Advice for Traveling Alone as a Woman.html,Honest Safety Advice for Traveling Alone as a Woman,blog,False,General Travel Narrative,Descriptive / Contextual,0.0567,Reflective / Neutral,Neutral,,"Safety and risks come down to time and place as much as anything. Each region, country, or moment of life comes with its own issues, risks, and fears. I take steps to accurately understand the risks of a place, and I act with my own safety in mind. Then I release the rest to chance, which is all any of us can do because risk is a part of life. Just as there are little risks, there are big risks, too. The biggest one for me being looking back on my 20s and 30s and thinking “what would my life look like if I had traveled young?”"
Honest Safety Advice for Traveling Alone as a Woman.html_P066,Honest Safety Advice for Traveling Alone as a Woman.html,Honest Safety Advice for Traveling Alone as a Woman,blog,False,General Travel Narrative,Descriptive / Contextual,0.032,Reflective / Neutral,Neutral,,"There are many things I may look back and regret, but this will not be one of them. To close this out, and before mentioning the specific female travel tips, I will say, as I have many times, that I have found true kindness, friendship, and generosity in each corner of the world, in the mostly unlikely of people, and in countries other Americans assume are only filled with foes."
Honest Safety Advice for Traveling Alone as a Woman.html_P067,Honest Safety Advice for Traveling Alone as a Woman.html,Honest Safety Advice for Traveling Alone as a Woman,blog,False,General Travel Narrative,Descriptive / Contextual,0.0566,Vulnerability & Fear,Negative,,"People have gone out of their way to extend help when I needed it, times when I was at my most vulnerable—sick, lost, alone—and that common thread of generosity follows me around the world."
Honest Safety Advice for Traveling Alone as a Woman.html_P068,Honest Safety Advice for Traveling Alone as a Woman.html,Honest Safety Advice for Traveling Alone as a Woman,blog,False,General Travel Narrative,Descriptive / Contextual,0.0472,Reflective / Neutral,Neutral,,"Fears have a place in keeping us safe, but without frankly talking about the true facets of traveling in diverse places it’s easy to believe the world is the sum of its dangers."
Honest Safety Advice for Traveling Alone as a Woman.html_P069,Honest Safety Advice for Traveling Alone as a Woman.html,Honest Safety Advice for Traveling Alone as a Woman,blog,False,General Travel Narrative,Descriptive / Contextual,0.0711,Reflective / Neutral,Neutral,,By and large it’s the opposite: traveling becomes the sum of human kindness. It only takes a commitment to shifting your perspective to see that.
Honest Safety Advice for Traveling Alone as a Woman.html_P070,Honest Safety Advice for Traveling Alone as a Woman.html,Honest Safety Advice for Traveling Alone as a Woman,blog,False,General Travel Narrative,Descriptive / Contextual,0.0664,Reflective / Neutral,Neutral,,The long and short of it is that there are practical steps females can take to be safe
Honest Safety Advice for Traveling Alone as a Woman.html_P071,Honest Safety Advice for Traveling Alone as a Woman.html,Honest Safety Advice for Traveling Alone as a Woman,blog,False,General Travel Narrative,Descriptive / Contextual,0.0745,Reflective / Neutral,Neutral,,11 steps I always take to stay save as a solo female traveler
Honest Safety Advice for Traveling Alone as a Woman.html_P072,Honest Safety Advice for Traveling Alone as a Woman.html,Honest Safety Advice for Traveling Alone as a Woman,blog,False,General Travel Narrative,Descriptive / Contextual,0.0475,Reflective / Neutral,Neutral,,Other Entries in the ALA Travel Fears Series:
Honest Safety Advice for Traveling Alone as a Woman.html_P073,Honest Safety Advice for Traveling Alone as a Woman.html,Honest Safety Advice for Traveling Alone as a Woman,blog,True,Travel Intention & Mobility Decisions,Destination Choice & Route Avoidance,0.2154,Reflective / Neutral,Neutral,,Why I Decided to Travel the World
Honest Safety Advice for Traveling Alone as a Woman.html_P075,Honest Safety Advice for Traveling Alone as a Woman.html,Honest Safety Advice for Traveling Alone as a Woman,blog,False,General Travel Narrative,Descriptive / Contextual,0.0275,Reflective / Neutral,Neutral,,"Yes, Sometimes Travel is Lonely"
Honest Safety Advice for Traveling Alone as a Woman.html_P077,Honest Safety Advice for Traveling Alone as a Woman.html,Honest Safety Advice for Traveling Alone as a Woman,blog,True,Perceived Safety,Subjective Security vs. Vulnerability,0.5483,Vulnerability & Fear,Negative,"fear, vulnerability","On Fear, Vulnerability, & the Less Sexy Side of Travel"
Honest Safety Advice for Traveling Alone as a Woman.html_P078,Honest Safety Advice for Traveling Alone as a Woman.html,Honest Safety Advice for Traveling Alone as a Woman,blog,False,General Travel Narrative,Descriptive / Contextual,0.0687,Reflective / Neutral,Neutral,,"If there is ever anything that I can do to help, please do reach out on Facebook, Twitter, or Instagram and let’s talk about how we can make your travel dream a reality."
interview_01_international_student_spain_italy.txt_P001,interview_01_international_student_spain_italy.txt,Interview Transcript - interview_01_international_student_spain_italy.txt,interview,False,General Travel Narrative,Descriptive / Contextual,0.0815,Reflective / Neutral,Neutral,,Interviewer: Thank you for participating in our research study on solo female travel safety. Can you tell me a bit about your background and your recent solo trip?
interview_01_international_student_spain_italy.txt_P002,interview_01_international_student_spain_italy.txt,Interview Transcript - interview_01_international_student_spain_italy.txt,interview,False,General Travel Narrative,Descriptive / Contextual,0.0599,Reflective / Neutral,Neutral,,"Participant P01: I am a 23-year-old postgraduate student from Germany studying in the UK. Last summer, I decided to do a two-week solo backpacking trip through Northern Spain and Italy. It was my very first time travelling entirely by myself without family or friends."
interview_01_international_student_spain_italy.txt_P003,interview_01_international_student_spain_italy.txt,Interview Transcript - interview_01_international_student_spain_italy.txt,interview,True,Social Constraints,Familial Anxiety & Societal Judgment,0.1296,Reflective / Neutral,Neutral,,Interviewer: How did your family react when you told them you were planning to travel alone?
interview_01_international_student_spain_italy.txt_P004,interview_01_international_student_spain_italy.txt,Interview Transcript - interview_01_international_student_spain_italy.txt,interview,True,Social Constraints,Patriarchal Gaze & Cultural Norms,0.4014,Vulnerability & Fear,Negative,"harassed, public space","Participant P01: Oh, my parents were extremely worried. My mother freaked out and said, ""Are you crazy? A young girl travelling alone with a backpack is asking for trouble."" They kept sending me sensational news articles about women being harassed abroad. That created a lot of familial anxiety and second-guessing in my mind before I even booked the flight. I felt like society constantly reminds women that public space is risky for us."
interview_01_international_student_spain_italy.txt_P005,interview_01_international_student_spain_italy.txt,Interview Transcript - interview_01_international_student_spain_italy.txt,interview,True,Perceived Safety,Subjective Security vs. Vulnerability,0.7038,Vulnerability & Fear,Negative,"felt vulnerable, uncomfortable","Interviewer: During the trip itself, what were your main safety concerns, and did you experience any moments where you felt vulnerable or uncomfortable?"
interview_01_international_student_spain_italy.txt_P006,interview_01_international_student_spain_italy.txt,Interview Transcript - interview_01_international_student_spain_italy.txt,interview,True,Physical Constraints,Infrastructure & Transit Vulnerability,0.9403,Vulnerability & Fear,Negative,"no cctv, following me, terrified, fear, dimly lit, catcalling","Participant P01: My biggest fear was always after sunset and dealing with night transport. In Rome, when I was walking back from the train station to my hostel around 10 PM, a man started following me down a dimly lit street. He was whistling and catcalling, and then started walking at the exact same pace as me. I felt terrified and my heart was pounding. The public infrastructure was really poor—there was barely any street lighting and no CCTV or people around. I ducked quickly into an open gelato shop and pretended to order until he walked away."
interview_01_international_student_spain_italy.txt_P007,interview_01_international_student_spain_italy.txt,Interview Transcript - interview_01_international_student_spain_italy.txt,interview,False,General Travel Narrative,Descriptive / Contextual,0.0894,Reflective / Neutral,Neutral,,Interviewer: That sounds frightening. What specific strategies or coping mechanisms did you use to protect yourself while travelling?
interview_01_international_student_spain_italy.txt_P008,interview_01_international_student_spain_italy.txt,Interview Transcript - interview_01_international_student_spain_italy.txt,interview,True,Constraint Negotiation & Coping Strategies,Intuition & Situational Awareness,0.8337,Reflective / Neutral,Neutral,"situational awareness, gut feeling, whatsapp live location, door lock","Participant P01: I developed a strict daily routine. First, I always made sure to return to my accommodation before 9 PM so I wouldn't have to navigate dark alleys alone. Second, I wore fake headphones without playing any music—that way men wouldn't bother trying to talk to me, but I maintained full situational awareness of my surroundings. I also kept my phone's WhatsApp live location permanently shared with my sister back home, and I always booked female-only dorm rooms with secure electronic door locks. Trusting my gut feeling was key—if a street or a person felt off, I immediately crossed the road or left."
interview_01_international_student_spain_italy.txt_P009,interview_01_international_student_spain_italy.txt,Interview Transcript - interview_01_international_student_spain_italy.txt,interview,True,Destination Image & Evaluation,Destination Safety Reputation,0.1365,Reflective / Neutral,Neutral,,Interviewer: How did these safety considerations influence your overall travel decisions and your perception of the destination?
interview_01_international_student_spain_italy.txt_P010,interview_01_international_student_spain_italy.txt,Interview Transcript - interview_01_international_student_spain_italy.txt,interview,True,Physical Constraints,Sexual Harassment & Unwanted Attention,0.208,Reflective / Neutral,Neutral,catcalling,Participant P01: It definitely restricted my itinerary. There were picturesque neighborhoods in Naples and Barcelona that I skipped completely because online forums and reviews warned about street crime and aggressive catcalling. So my perceived safety directly shaped where I went and how freely I moved.
interview_01_international_student_spain_italy.txt_P011,interview_01_international_student_spain_italy.txt,Interview Transcript - interview_01_international_student_spain_italy.txt,interview,True,Experiential Well-Being & Self-Leadership,Empowerment & Self-Efficacy,0.2073,Empowerment & Confidence,Positive,"confidence, well-being","Interviewer: Looking back at the trip, how did navigating these safety constraints affect your personal confidence and well-being?"
interview_01_international_student_spain_italy.txt_P012,interview_01_international_student_spain_italy.txt,Interview Transcript - interview_01_international_student_spain_italy.txt,interview,True,Experiential Well-Being & Self-Leadership,Empowerment & Self-Efficacy,0.9509,Empowerment & Confidence,Positive,"fear, capable, liberating, independent, confidence","Participant P01: Despite the moments of fear, finishing the trip was the most liberating and empowering experience of my life. I proved to myself and my family that I am capable, independent, and resilient. Handling those tricky situations gave me immense self-leadership and confidence that carried over into my academic studies. I am already planning my next solo journey."
interview_02_international_student_india_southeast_asia.txt_P001,interview_02_international_student_india_southeast_asia.txt,Interview Transcript - interview_02_international_student_india_southeast_asia.txt,interview,False,General Travel Narrative,Descriptive / Contextual,0.0152,Reflective / Neutral,Neutral,,Interviewer: Welcome and thank you for taking the time to speak with us. Could you introduce yourself and tell us about where you travelled solo?
interview_02_international_student_india_southeast_asia.txt_P002,interview_02_international_student_india_southeast_asia.txt,Interview Transcript - interview_02_international_student_india_southeast_asia.txt,interview,True,Physical Constraints,Sexual Harassment & Unwanted Attention,0.2081,Reflective / Neutral,Neutral,followed,"Participant P02: Hello! I'm 25, an international graduate student from Singapore. Over the winter break, I took a solo month-long trip across Rajasthan and Himachal Pradesh in India, followed by northern Thailand."
interview_02_international_student_india_southeast_asia.txt_P003,interview_02_international_student_india_southeast_asia.txt,Interview Transcript - interview_02_international_student_india_southeast_asia.txt,interview,True,Social Constraints,Racialized & Foreign Vulnerability,0.1295,Reflective / Neutral,Neutral,,Interviewer: What social or cultural constraints did you encounter regarding travelling alone as a woman?
interview_02_international_student_india_southeast_asia.txt_P004,interview_02_international_student_india_southeast_asia.txt,Interview Transcript - interview_02_international_student_india_southeast_asia.txt,interview,True,Social Constraints,Patriarchal Gaze & Cultural Norms,1.1428,Vulnerability & Fear,Negative,"cultural norms, police, unaccompanied woman, patriarchal, cultural expectation","Participant P02: In many small towns in India, the patriarchal gaze and cultural norms were very noticeable. Public squares and street tea stalls were almost 100% male-dominated spaces. I felt like an alien being stared at incessantly. People would ask me intrusive personal questions: ""Where is your husband? Why are your parents allowing you to wander alone?"" There is a heavy cultural expectation that an unaccompanied woman is abnormal or vulnerable. I felt like I had to strictly police my clothing, wearing loose kurtas and shawls covering my shoulders and chest just to minimize unwanted stares."
interview_02_international_student_india_southeast_asia.txt_P005,interview_02_international_student_india_southeast_asia.txt,Interview Transcript - interview_02_international_student_india_southeast_asia.txt,interview,False,General Travel Narrative,Descriptive / Contextual,0.1122,Reflective / Neutral,Neutral,,Interviewer: Were there physical safety risks or infrastructure problems that impacted you?
interview_02_international_student_india_southeast_asia.txt_P006,interview_02_international_student_india_southeast_asia.txt,Interview Transcript - interview_02_international_student_india_southeast_asia.txt,interview,True,Physical Constraints,Accommodation & Property Security,0.2511,Vulnerability & Fear,Negative,"anxious, theft, harassment","Participant P02: Yes, transit safety was a constant cognitive load. Booking sleeper trains and night buses made me very anxious because of stories of harassment and theft. In one overnight bus journey, a male passenger kept trying to strike uncomfortably intimate conversation and shifted towards my seat. Also, finding clean, secure public toilets with working locks along highways was a major challenge. In hotels, I would always check that the window latches worked and wedged a rubber doorstop under my door before sleeping."
interview_02_international_student_india_southeast_asia.txt_P007,interview_02_international_student_india_southeast_asia.txt,Interview Transcript - interview_02_international_student_india_southeast_asia.txt,interview,False,General Travel Narrative,Descriptive / Contextual,0.0362,Reflective / Neutral,Neutral,,Interviewer: How did you negotiate these constraints? What tactics helped you feel in control?
interview_02_international_student_india_southeast_asia.txt_P008,interview_02_international_student_india_southeast_asia.txt,Interview Transcript - interview_02_international_student_india_southeast_asia.txt,interview,True,Constraint Negotiation & Coping Strategies,Behavioral & Presentation Adaptation,0.474,Reflective / Neutral,Neutral,"safe neighborhood, google maps, fake wedding ring","Participant P02: I wore a cheap fake wedding ring on my left hand and would casually mention my fictitious ""husband who is a military officer meeting me at the hotel."" That immediately shuts down persistent men. For navigation, I downloaded offline Google Maps and always arrived in new cities before sunset. I also made friends with local families and other solo female travellers in homestays. There is a strong informal sisterhood among women travellers on the road where we share real-time advice on safe drivers and safe neighborhoods."
interview_02_international_student_india_southeast_asia.txt_P009,interview_02_international_student_india_southeast_asia.txt,Interview Transcript - interview_02_international_student_india_southeast_asia.txt,interview,True,Experiential Well-Being & Self-Leadership,Emotional Flourishing & Joy,0.15,Reflective / Neutral,Neutral,well-being,Interviewer: How did this impact your destination image and overall well-being?
interview_02_international_student_india_southeast_asia.txt_P010,interview_02_international_student_india_southeast_asia.txt,Interview Transcript - interview_02_international_student_india_southeast_asia.txt,interview,True,Constraint Negotiation & Coping Strategies,Behavioral & Presentation Adaptation,0.2044,Empowerment & Confidence,Positive,assertive,"Participant P02: My destination image became nuanced—I fell in love with the cultural warmth and kindness of ordinary people, but I was constantly exhausted by the vigilance required. However, successfully navigating a complex country solo transformed my sense of agency. I learned how to stand tall, look assertive, and say a firm ""No"" without smiling. It elevated my self-reliance and psychological resilience tremendously."
interview_03_international_student_uk_balkans.txt_P001,interview_03_international_student_uk_balkans.txt,Interview Transcript - interview_03_international_student_uk_balkans.txt,interview,False,General Travel Narrative,Descriptive / Contextual,0.0912,Reflective / Neutral,Neutral,,Interviewer: Thank you for joining us today. Could you briefly introduce yourself and share the destination of your solo trip?
interview_03_international_student_uk_balkans.txt_P002,interview_03_international_student_uk_balkans.txt,Interview Transcript - interview_03_international_student_uk_balkans.txt,interview,False,General Travel Narrative,Descriptive / Contextual,0.1045,Reflective / Neutral,Neutral,,"Participant P03: Sure! I am 24 years old, an international student from Colombia currently pursuing my Master's degree in London. Last autumn, I decided to travel solo through Albania, Montenegro, and Bosnia for three weeks."
interview_03_international_student_uk_balkans.txt_P003,interview_03_international_student_uk_balkans.txt,Interview Transcript - interview_03_international_student_uk_balkans.txt,interview,False,General Travel Narrative,Descriptive / Contextual,0.0638,Reflective / Neutral,Neutral,,"Interviewer: What motivated you to choose those destinations, and what safety concerns crossed your mind beforehand?"
interview_03_international_student_uk_balkans.txt_P004,interview_03_international_student_uk_balkans.txt,Interview Transcript - interview_03_international_student_uk_balkans.txt,interview,True,Social Constraints,Racialized & Foreign Vulnerability,0.4162,Reflective / Neutral,Neutral,language barrier,"Participant P03: I wanted an affordable, culturally rich adventure away from standard tourist hotspots. But before leaving, my friends and parents cautioned me repeatedly: ""Isn't the Balkan region still unstable? Is it safe for an unaccompanied Latin woman?"" The media depiction and lack of mainstream information created a high perceived risk in my mind. I was primarily worried about language barriers, hitchhiking culture, and finding reliable taxis or buses in mountainous areas where infrastructure is rudimentary."
interview_03_international_student_uk_balkans.txt_P005,interview_03_international_student_uk_balkans.txt,Interview Transcript - interview_03_international_student_uk_balkans.txt,interview,True,Physical Constraints,Accommodation & Property Security,0.1558,Reflective / Neutral,Neutral,,Interviewer: How did you navigate those physical and logistical constraints on the ground?
interview_03_international_student_uk_balkans.txt_P006,interview_03_international_student_uk_balkans.txt,Interview Transcript - interview_03_international_student_uk_balkans.txt,interview,True,Constraint Negotiation & Coping Strategies,Intuition & Situational Awareness,0.416,Reflective / Neutral,Neutral,situational awareness,"Participant P03: I had a clear protocol. I bought an eSIM immediately upon landing so I was never disconnected from cellular data. Whenever I took long-distance intercity minibuses (furgons), I deliberately chose a seat right behind the driver or next to elderly women or mothers with children. I never consumed alcohol alone in bars, and I kept copies of my passport in my daypack and another in my locker. More than anything, situational awareness and respecting local cultural customs—like dressing conservatively in traditional rural towns—prevented any unwanted male aggression."
interview_03_international_student_uk_balkans.txt_P007,interview_03_international_student_uk_balkans.txt,Interview Transcript - interview_03_international_student_uk_balkans.txt,interview,True,Experiential Well-Being & Self-Leadership,Emotional Flourishing & Joy,0.1442,Reflective / Neutral,Neutral,,Interviewer: What were the most significant psychological takeaways from managing these risks independently?
interview_03_international_student_uk_balkans.txt_P008,interview_03_international_student_uk_balkans.txt,Interview Transcript - interview_03_international_student_uk_balkans.txt,interview,True,Experiential Well-Being & Self-Leadership,Empowerment & Self-Efficacy,0.2501,Reflective / Neutral,Neutral,,"Participant P03: There was a dramatic shift in my self-leadership. Before this trip, I was someone who relied heavily on friends to make decisions. When you're solo and a bus doesn't show up in a remote town, panic gets you nowhere; you have to stay calm, trust your instincts, and problem-solve. When I returned to London, I felt invincible. Solo travel completely redefined my sense of autonomy, self-reliance, and mental resilience."
